ID,Prediction
0,9
1,2
2,1
3,1
4,6
5,1
6,4
7,6
8,5
9,7
10,4
11,5
12,7
13,3
14,4
15,1
16,2
17,4
18,8
19,0
20,2
21,5
22,7
23,9
24,1
25,4
26,6
27,0
28,9
29,3
30,8
31,8
32,3
33,3
34,8
35,0
36,7
37,5
38,7
39,9
40,6
41,1
42,3
43,7
44,6
45,7
46,2
47,1
48,2
49,2
50,4
51,4
52,5
53,8
54,2
55,2
56,8
57,4
58,8
59,0
60,7
61,7
62,8
63,5
64,1
65,1
66,2
67,3
68,7
69,8
70,7
71,0
72,2
73,6
74,2
75,3
76,1
77,2
78,8
79,4
80,1
81,8
82,5
83,9
84,5
85,0
86,3
87,2
88,0
89,2
90,5
91,3
92,6
93,7
94,1
95,8
96,0
97,1
98,4
99,2
100,3
101,6
102,7
103,2
104,7
105,8
106,5
107,7
108,9
109,4
110,2
111,5
112,7
113,0
114,5
115,2
116,8
117,6
118,7
119,8
120,0
121,0
122,9
123,9
124,3
125,0
126,8
127,4
128,1
129,5
130,4
131,1
132,9
133,1
134,8
135,6
136,2
137,1
138,2
139,5
140,1
141,6
142,0
143,0
144,1
145,6
146,1
147,3
148,2
149,2
150,3
151,4
152,1
153,4
154,5
155,0
156,4
157,7
158,9
159,3
160,7
161,2
162,3
163,9
164,0
165,9
166,4
167,7
168,4
169,2
170,0
171,5
172,2
173,1
174,2
175,1
176,3
177,0
178,9
179,1
180,0
181,9
182,3
183,6
184,7
185,9
186,9
187,4
188,4
189,7
190,1
191,2
192,1
193,6
194,3
195,2
196,8
197,3
198,6
199,1
200,1
201,0
202,2
203,9
204,2
205,4
206,0
207,7
208,9
209,8
210,4
211,1
212,8
213,4
214,1
215,3
216,1
217,6
218,7
219,2
220,8
221,5
222,2
223,0
224,7
225,7
226,6
227,2
228,7
229,0
230,7
231,8
232,9
233,2
234,9
235,0
236,5
237,1
238,4
239,4
240,5
241,6
242,9
243,2
244,2
245,8
246,6
247,2
248,2
249,2
250,9
251,7
252,6
253,5
254,5
255,2
256,8
257,5
258,2
259,3
260,0
261,4
262,8
263,0
264,0
265,6
266,3
267,8
268,9
269,6
270,1
271,6
272,0
273,2
274,3
275,0
276,8
277,3
278,7
279,4
280,0
281,1
282,6
283,3
284,0
285,6
286,6
287,7
288,5
289,4
290,5
291,9
292,5
293,6
294,5
295,5
296,1
297,9
298,8
299,8
300,3
301,3
302,6
303,8
304,0
305,0
306,2
307,9
308,7
309,7
310,1
311,3
312,6
313,4
314,2
315,4
316,9
317,1
318,6
319,4
320,8
321,2
322,6
323,5
324,6
325,6
326,7
327,7
328,7
329,3
330,3
331,7
332,0
333,7
334,1
335,3
336,7
337,2
338,2
339,3
340,4
341,6
342,3
343,1
344,6
345,1
346,9
347,4
348,9
349,9
350,1
351,7
352,8
353,3
354,6
355,0
356,2
357,4
358,8
359,0
360,1
361,2
362,2
363,4
364,4
365,7
366,3
367,2
368,2
369,5
370,0
371,7
372,9
373,4
374,0
375,9
376,3
377,9
378,4
379,2
380,5
381,0
382,0
383,3
384,5
385,8
386,1
387,6
388,2
389,6
390,6
391,4
392,9
393,5
394,2
395,0
396,4
397,6
398,1
399,2
400,0
401,9
402,7
403,0
404,4
405,4
406,6
407,6
408,2
409,1
410,6
411,6
412,7
413,2
414,9
415,4
416,2
417,1
418,5
419,4
420,5
421,3
422,8
423,5
424,8
425,4
426,4
427,8
428,9
429,8
430,6
431,2
432,4
433,4
434,2
435,4
436,1
437,6
438,1
439,3
440,0
441,7
442,8
443,8
444,6
445,5
446,3
447,1
448,9
449,5
450,3
451,3
452,0
453,1
454,6
455,2
456,9
457,2
458,0
459,6
460,0
461,4
462,2
463,0
464,0
465,3
466,3
467,8
468,2
469,8
470,9
471,4
472,0
473,7
474,6
475,4
476,4
477,9
478,2
479,9
480,5
481,9
482,3
483,7
484,5
485,7
486,8
487,1
488,0
489,0
490,3
491,4
492,8
493,9
494,7
495,9
496,1
497,2
498,7
499,0
500,2
501,0
502,5
503,7
504,1
505,8
506,2
507,2
508,2
509,2
510,4
511,2
512,6
513,1
514,9
515,8
516,5
517,1
518,9
519,1
520,2
521,8
522,3
523,8
524,9
525,2
526,4
527,2
528,8
529,8
530,2
531,0
532,5
533,8
534,8
535,5
536,0
537,9
538,4
539,3
540,4
541,4
542,5
543,1
544,0
545,1
546,2
547,0
548,6
549,9
550,6
551,1
552,5
553,1
554,1
555,1
556,9
557,3
558,4
559,5
560,3
561,6
562,6
563,0
564,4
565,6
566,0
567,5
568,8
569,3
570,3
571,4
572,6
573,7
574,7
575,8
576,9
577,0
578,3
579,8
580,7
581,6
582,7
583,9
584,3
585,4
586,6
587,6
588,5
589,0
590,1
591,1
592,5
593,9
594,3
595,6
596,5
597,7
598,8
599,1
600,2
601,9
602,7
603,7
604,1
605,0
606,9
607,3
608,2
609,9
610,0
611,7
612,6
613,8
614,2
615,7
616,0
617,2
618,3
619,8
620,2
621,6
622,6
623,9
624,3
625,0
626,7
627,8
628,0
629,2
630,9
631,4
632,2
633,6
634,6
635,8
636,0
637,4
638,4
639,4
640,7
641,5
642,8
643,4
644,9
645,1
646,0
647,5
648,4
649,4
650,4
651,0
652,0
653,4
654,5
655,6
656,0
657,4
658,5
659,4
660,1
661,3
662,1
663,1
664,6
665,4
666,3
667,8
668,2
669,8
670,2
671,7
672,0
673,4
674,3
675,8
676,5
677,0
678,8
679,2
680,9
681,0
682,8
683,9
684,6
685,4
686,2
687,9
688,3
689,4
690,5
691,0
692,9
693,5
694,3
695,6
696,6
697,8
698,3
699,3
700,8
701,1
702,4
703,0
704,9
705,7
706,9
707,4
708,8
709,9
710,1
711,3
712,7
713,3
714,0
715,2
716,6
717,7
718,1
719,0
720,0
721,8
722,5
723,2
724,6
725,6
726,6
727,4
728,1
729,5
730,9
731,0
732,0
733,1
734,6
735,5
736,6
737,0
738,3
739,3
740,3
741,8
742,1
743,1
744,8
745,5
746,7
747,7
748,8
749,7
750,2
751,0
752,7
753,3
754,8
755,0
756,9
757,7
758,6
759,1
760,2
761,6
762,4
763,8
764,0
765,6
766,3
767,6
768,8
769,4
770,0
771,8
772,9
773,2
774,4
775,5
776,9
777,1
778,4
779,4
780,9
781,2
782,1
783,7
784,9
785,5
786,8
787,3
788,7
789,7
790,1
791,1
792,1
793,6
794,9
795,5
796,3
797,8
798,4
799,2
800,7
801,4
802,8
803,3
804,2
805,4
806,4
807,7
808,1
809,4
810,9
811,3
812,5
813,8
814,5
815,4
816,7
817,4
818,8
819,5
820,9
821,3
822,3
823,6
824,7
825,1
826,7
827,3
828,5
829,4
830,4
831,5
832,8
833,3
834,7
835,1
836,2
837,6
838,1
839,9
840,8
841,2
842,7
843,1
844,3
845,7
846,5
847,9
848,9
849,1
850,8
851,2
852,5
853,7
854,1
855,9
856,8
857,1
858,0
859,0
860,6
861,1
862,7
863,1
864,1
865,5
866,7
867,1
868,5
869,2
870,2
871,3
872,3
873,1
874,1
875,4
876,9
877,4
878,3
879,7
880,7
881,0
882,8
883,9
884,9
885,6
886,1
887,3
888,4
889,0
890,0
891,5
892,9
893,2
894,0
895,5
896,5
897,1
898,5
899,7
900,8
901,7
902,5
903,3
904,6
905,4
906,0
907,4
908,0
909,6
910,0
911,2
912,5
913,5
914,1
915,2
916,0
917,9
918,3
919,7
920,8
921,4
922,8
923,3
924,4
925,7
926,0
927,7
928,4
929,8
930,0
931,3
932,4
933,4
934,3
935,4
936,9
937,0
938,6
939,4
940,9
941,1
942,8
943,1
944,7
945,5
946,5
947,6
948,0
949,2
950,1
951,0
952,5
953,4
954,0
955,0
956,6
957,7
958,5
959,0
960,3
961,5
962,9
963,6
964,8
965,0
966,6
967,4
968,6
969,2
970,9
971,6
972,7
973,7
974,1
975,4
976,2
977,0
978,5
979,0
980,9
981,9
982,8
983,8
984,3
985,0
986,2
987,4
988,6
989,6
990,3
991,2
992,3
993,5
994,4
995,9
996,3
997,4
998,7
999,7
1000,6
1001,3
1002,5
1003,5
1004,6
1005,0
1006,5
1007,9
1008,6
1009,3
1010,7
1011,5
1012,1
1013,9
1014,8
1015,8
1016,9
1017,9
1018,2
1019,7
1020,2
1021,2
1022,3
1023,8
1024,7
1025,4
1026,4
1027,5
1028,4
1029,3
1030,6
1031,1
1032,4
1033,9
1034,3
1035,1
1036,6
1037,5
1038,0
1039,5
1040,7
1041,5
1042,2
1043,3
1044,3
1045,9
1046,6
1047,3
1048,6
1049,0
1050,4
1051,5
1052,0
1053,4
1054,9
1055,4
1056,0
1057,3
1058,6
1059,7
1060,0
1061,2
1062,1
1063,1
1064,4
1065,4
1066,8
1067,5
1068,9
1069,0
1070,1
1071,6
1072,5
1073,1
1074,4
1075,4
1076,8
1077,4
1078,7
1079,7
1080,3
1081,8
1082,1
1083,1
1084,9
1085,8
1086,1
1087,3
1088,3
1089,7
1090,5
1091,1
1092,5
1093,7
1094,8
1095,9
1096,6
1097,3
1098,5
1099,8
1100,4
1101,4
1102,3
1103,8
1104,6
1105,5
1106,5
1107,6
1108,7
1109,1
1110,5
1111,0
1112,5
1113,4
1114,8
1115,6
1116,2
1117,1
1118,1
1119,7
1120,9
1121,6
1122,2
1123,7
1124,0
1125,4
1126,8
1127,2
1128,2
1129,6
1130,0
1131,6
1132,4
1133,9
1134,6
1135,8
1136,4
1137,5
1138,9
1139,6
1140,3
1141,9
1142,4
1143,9
1144,8
1145,7
1146,4
1147,2
1148,2
1149,5
1150,3
1151,7
1152,6
1153,7
1154,2
1155,9
1156,3
1157,7
1158,6
1159,9
1160,3
1161,8
1162,4
1163,4
1164,7
1165,2
1166,4
1167,6
1168,2
1169,0
1170,7
1171,8
1172,4
1173,2
1174,6
1175,5
1176,5
1177,6
1178,4
1179,5
1180,5
1181,8
1182,1
1183,1
1184,7
1185,4
1186,6
1187,9
1188,6
1189,8
1190,7
1191,2
1192,2
1193,1
1194,6
1195,7
1196,7
1197,4
1198,9
1199,8
1200,5
1201,1
1202,1
1203,0
1204,2
1205,0
1206,9
1207,0
1208,1
1209,9
1210,6
1211,5
1212,5
1213,2
1214,0
1215,7
1216,0
1217,2
1218,0
1219,1
1220,3
1221,1
1222,3
1223,4
1224,7
1225,2
1226,4
1227,9
1228,5
1229,2
1230,9
1231,6
1232,3
1233,4
1234,4
1235,6
1236,6
1237,5
1238,2
1239,2
1240,5
1241,6
1242,1
1243,4
1244,2
1245,5
1246,4
1247,4
1248,8
1249,0
1250,2
1251,4
1252,0
1253,4
1254,3
1255,6
1256,8
1257,3
1258,8
1259,2
1260,0
1261,4
1262,3
1263,8
1264,8
1265,4
1266,5
1267,2
1268,2
1269,3
1270,0
1271,1
1272,9
1273,0
1274,9
1275,1
1276,9
1277,6
1278,5
1279,2
1280,2
1281,7
1282,3
1283,8
1284,5
1285,0
1286,8
1287,0
1288,7
1289,5
1290,5
1291,9
1292,5
1293,0
1294,6
1295,0
1296,3
1297,4
1298,4
1299,4
1300,8
1301,7
1302,1
1303,3
1304,4
1305,6
1306,6
1307,5
1308,1
1309,6
1310,7
1311,3
1312,4
1313,8
1314,8
1315,2
1316,8
1317,9
1318,4
1319,1
1320,6
1321,5
1322,2
1323,7
1324,8
1325,5
1326,3
1327,8
1328,5
1329,4
1330,2
1331,8
1332,9
1333,8
1334,4
1335,3
1336,6
1337,8
1338,8
1339,2
1340,0
1341,9
1342,4
1343,4
1344,8
1345,1
1346,3
1347,6
1348,1
1349,9
1350,2
1351,1
1352,6
1353,2
1354,7
1355,9
1356,4
1357,6
1358,0
1359,4
1360,4
1361,2
1362,4
1363,5
1364,0
1365,2
1366,8
1367,3
1368,7
1369,6
1370,4
1371,0
1372,0
1373,5
1374,2
1375,8
1376,2
1377,4
1378,3
1379,0
1380,2
1381,1
1382,7
1383,7
1384,5
1385,4
1386,7
1387,2
1388,4
1389,7
1390,3
1391,3
1392,1
1393,3
1394,6
1395,6
1396,0
1397,1
1398,7
1399,0
1400,4
1401,7
1402,1
1403,0
1404,6
1405,5
1406,8
1407,4
1408,6
1409,7
1410,9
1411,5
1412,0
1413,7
1414,9
1415,5
1416,1
1417,2
1418,9
1419,5
1420,5
1421,3
1422,9
1423,9
1424,1
1425,2
1426,7
1427,8
1428,0
1429,1
1430,7
1431,2
1432,7
1433,1
1434,1
1435,5
1436,5
1437,6
1438,4
1439,5
1440,9
1441,5
1442,5
1443,2
1444,3
1445,9
1446,3
1447,8
1448,5
1449,2
1450,0
1451,0
1452,6
1453,5
1454,7
1455,8
1456,5
1457,2
1458,6
1459,4
1460,4
1461,7
1462,4
1463,0
1464,5
1465,1
1466,7
1467,2
1468,3
1469,6
1470,8
1471,9
1472,8
1473,7
1474,1
1475,2
1476,3
1477,2
1478,9
1479,7
1480,5
1481,6
1482,1
1483,0
1484,7
1485,1
1486,2
1487,6
1488,9
1489,3
1490,6
1491,4
1492,4
1493,3
1494,0
1495,0
1496,6
1497,3
1498,6
1499,1
1500,3
1501,5
1502,6
1503,5
1504,0
1505,9
1506,1
1507,1
1508,8
1509,0
1510,9
1511,5
1512,0
1513,5
1514,4
1515,6
1516,7
1517,1
1518,1
1519,5
1520,3
1521,8
1522,7
1523,8
1524,3
1525,8
1526,9
1527,2
1528,6
1529,1
1530,1
1531,3
1532,5
1533,6
1534,7
1535,1
1536,9
1537,9
1538,2
1539,2
1540,7
1541,0
1542,1
1543,3
1544,9
1545,6
1546,3
1547,7
1548,2
1549,8
1550,1
1551,8
1552,0
1553,7
1554,9
1555,8
1556,5
1557,8
1558,2
1559,0
1560,4
1561,0
1562,6
1563,5
1564,8
1565,3
1566,8
1567,7
1568,5
1569,7
1570,3
1571,7
1572,0
1573,7
1574,0
1575,2
1576,2
1577,5
1578,3
1579,5
1580,1
1581,1
1582,7
1583,7
1584,6
1585,3
1586,0
1587,4
1588,2
1589,8
1590,6
1591,3
1592,4
1593,4
1594,9
1595,9
1596,4
1597,5
1598,2
1599,2
1600,7
1601,8
1602,0
1603,7
1604,9
1605,1
1606,2
1607,9
1608,4
1609,7
1610,3
1611,4
1612,3
1613,3
1614,1
1615,8
1616,8
1617,5
1618,3
1619,8
1620,6
1621,3
1622,4
1623,3
1624,2
1625,0
1626,4
1627,7
1628,3
1629,6
1630,8
1631,3
1632,9
1633,7
1634,3
1635,1
1636,7
1637,5
1638,8
1639,8
1640,2
1641,0
1642,0
1643,6
1644,4
1645,6
1646,5
1647,7
1648,0
1649,6
1650,6
1651,7
1652,7
1653,3
1654,9
1655,2
1656,5
1657,9
1658,7
1659,1
1660,7
1661,2
1662,4
1663,5
1664,1
1665,3
1666,5
1667,4
1668,5
1669,0
1670,4
1671,4
1672,1
1673,4
1674,4
1675,8
1676,4
1677,5
1678,9
1679,4
1680,1
1681,1
1682,7
1683,2
1684,3
1685,5
1686,6
1687,3
1688,9
1689,7
1690,5
1691,3
1692,8
1693,8
1694,8
1695,9
1696,1
1697,1
1698,6
1699,3
1700,1
1701,6
1702,3
1703,4
1704,9
1705,9
1706,6
1707,0
1708,6
1709,9
1710,4
1711,9
1712,6
1713,6
1714,1
1715,8
1716,9
1717,2
1718,9
1719,4
1720,8
1721,0
1722,7
1723,2
1724,3
1725,6
1726,2
1727,5
1728,6
1729,1
1730,9
1731,6
1732,2
1733,2
1734,9
1735,9
1736,6
1737,8
1738,3
1739,6
1740,6
1741,6
1742,0
1743,2
1744,6
1745,6
1746,6
1747,5
1748,0
1749,2
1750,7
1751,8
1752,7
1753,4
1754,6
1755,6
1756,6
1757,5
1758,2
1759,4
1760,2
1761,9
1762,5
1763,2
1764,6
1765,7
1766,0
1767,1
1768,9
1769,5
1770,5
1771,6
1772,7
1773,7
1774,5
1775,0
1776,5
1777,0
1778,8
1779,4
1780,9
1781,9
1782,8
1783,2
1784,4
1785,7
1786,3
1787,3
1788,7
1789,7
1790,7
1791,8
1792,4
1793,9
1794,5
1795,7
1796,6
1797,5
1798,7
1799,5
1800,1
1801,3
1802,0
1803,4
1804,9
1805,9
1806,8
1807,3
1808,7
1809,0
1810,3
1811,4
1812,9
1813,3
1814,4
1815,1
1816,7
1817,9
1818,1
1819,5
1820,7
1821,2
1822,7
1823,6
1824,5
1825,5
1826,3
1827,7
1828,5
1829,5
1830,4
1831,0
1832,7
1833,3
1834,3
1835,2
1836,0
1837,2
1838,9
1839,9
1840,0
1841,3
1842,0
1843,8
1844,3
1845,8
1846,8
1847,4
1848,4
1849,1
1850,8
1851,2
1852,3
1853,5
1854,0
1855,4
1856,6
1857,3
1858,0
1859,0
1860,1
1861,0
1862,8
1863,4
1864,9
1865,0
1866,7
1867,0
1868,7
1869,7
1870,1
1871,5
1872,8
1873,7
1874,2
1875,9
1876,9
1877,1
1878,2
1879,4
1880,1
1881,1
1882,1
1883,8
1884,8
1885,1
1886,3
1887,7
1888,5
1889,2
1890,0
1891,8
1892,4
1893,8
1894,9
1895,4
1896,1
1897,3
1898,1
1899,9
1900,8
1901,1
1902,1
1903,1
1904,8
1905,0
1906,9
1907,9
1908,7
1909,6
1910,0
1911,4
1912,2
1913,1
1914,1
1915,7
1916,9
1917,6
1918,2
1919,0
1920,3
1921,6
1922,6
1923,8
1924,1
1925,7
1926,2
1927,4
1928,2
1929,2
1930,3
1931,8
1932,7
1933,1
1934,8
1935,5
1936,5
1937,7
1938,7
1939,6
1940,6
1941,2
1942,9
1943,0
1944,6
1945,0
1946,5
1947,5
1948,0
1949,2
1950,1
1951,0
1952,3
1953,5
1954,9
1955,1
1956,7
1957,2
1958,5
1959,7
1960,9
1961,8
1962,9
1963,1
1964,2
1965,8
1966,3
1967,2
1968,3
1969,6
1970,0
1971,8
1972,3
1973,8
1974,6
1975,8
1976,6
1977,0
1978,8
1979,8
1980,8
1981,2
1982,9
1983,3
1984,2
1985,0
1986,8
1987,5
1988,7
1989,0
1990,1
1991,1
1992,1
1993,9
1994,5
1995,1
1996,3
1997,3
1998,6
1999,0
2000,8
2001,4
2002,1
2003,3
2004,8
2005,8
2006,6
2007,7
2008,5
2009,6
2010,6
2011,7
2012,3
2013,3
2014,2
2015,4
2016,6
2017,5
2018,5
2019,4
2020,2
2021,3
2022,9
2023,1
2024,1
2025,7
2026,3
2027,8
2028,7
2029,2
2030,2
2031,9
2032,3
2033,9
2034,9
2035,0
2036,1
2037,5
2038,1
2039,2
2040,8
2041,1
2042,2
2043,9
2044,3
2045,4
2046,0
2047,0
2048,7
2049,6
2050,9
2051,9
2052,5
2053,5
2054,7
2055,0
2056,9
2057,3
2058,3
2059,6
2060,9
2061,8
2062,4
2063,2
2064,2
2065,3
2066,9
2067,4
2068,3
2069,6
2070,7
2071,3
2072,0
2073,4
2074,8
2075,1
2076,8
2077,7
2078,3
2079,4
2080,5
2081,2
2082,2
2083,9
2084,1
2085,9
2086,4
2087,9
2088,1
2089,6
2090,2
2091,8
2092,8
2093,7
2094,7
2095,7
2096,7
2097,2
2098,6
2099,0
2100,7
2101,5
2102,8
2103,5
2104,6
2105,0
2106,2
2107,4
2108,9
2109,2
2110,6
2111,1
2112,1
2113,9
2114,3
2115,1
2116,2
2117,2
2118,2
2119,3
2120,7
2121,5
2122,7
2123,4
2124,4
2125,4
2126,1
2127,2
2128,3
2129,5
2130,4
2131,2
2132,9
2133,1
2134,5
2135,9
2136,3
2137,6
2138,6
2139,4
2140,0
2141,1
2142,7
2143,7
2144,4
2145,6
2146,7
2147,7
2148,3
2149,0
2150,4
2151,3
2152,2
2153,7
2154,8
2155,7
2156,2
2157,8
2158,0
2159,8
2160,7
2161,4
2162,6
2163,2
2164,7
2165,0
2166,9
2167,9
2168,3
2169,1
2170,5
2171,9
2172,3
2173,1
2174,0
2175,3
2176,3
2177,5
2178,9
2179,7
2180,9
2181,8
2182,3
2183,5
2184,9
2185,3
2186,7
2187,9
2188,3
2189,4
2190,6
2191,6
2192,5
2193,7
2194,7
2195,2
2196,3
2197,5
2198,3
2199,1
2200,1
2201,9
2202,4
2203,3
2204,9
2205,5
2206,5
2207,7
2208,2
2209,4
2210,9
2211,0
2212,2
2213,1
2214,9
2215,7
2216,1
2217,5
2218,0
2219,5
2220,5
2221,0
2222,3
2223,5
2224,0
2225,3
2226,3
2227,7
2228,4
2229,2
2230,6
2231,8
2232,5
2233,9
2234,2
2235,1
2236,0
2237,5
2238,5
2239,8
2240,5
2241,3
2242,7
2243,4
2244,4
2245,3
2246,9
2247,6
2248,0
2249,0
2250,9
2251,1
2252,2
2253,3
2254,1
2255,5
2256,3
2257,8
2258,5
2259,1
2260,1
2261,2
2262,9
2263,4
2264,0
2265,5
2266,2
2267,8
2268,0
2269,2
2270,9
2271,8
2272,2
2273,4
2274,8
2275,3
2276,8
2277,0
2278,4
2279,0
2280,6
2281,4
2282,8
2283,5
2284,4
2285,9
2286,0
2287,9
2288,5
2289,8
2290,6
2291,9
2292,1
2293,2
2294,7
2295,2
2296,1
2297,6
2298,6
2299,0
2300,6
2301,5
2302,0
2303,4
2304,8
2305,5
2306,5
2307,2
2308,0
2309,3
2310,8
2311,3
2312,3
2313,1
2314,9
2315,4
2316,9
2317,7
2318,3
2319,6
2320,4
2321,8
2322,3
2323,4
2324,8
2325,5
2326,6
2327,8
2328,3
2329,3
2330,1
2331,4
2332,2
2333,0
2334,4
2335,9
2336,0
2337,2
2338,1
2339,9
2340,9
2341,8
2342,1
2343,8
2344,8
2345,3
2346,3
2347,3
2348,8
2349,5
2350,9
2351,6
2352,6
2353,8
2354,7
2355,6
2356,3
2357,0
2358,0
2359,0
2360,5
2361,7
2362,5
2363,0
2364,7
2365,9
2366,1
2367,6
2368,4
2369,8
2370,9
2371,3
2372,5
2373,6
2374,0
2375,4
2376,4
2377,7
2378,8
2379,9
2380,1
2381,8
2382,2
2383,5
2384,5
2385,3
2386,1
2387,1
2388,8
2389,8
2390,3
2391,0
2392,7
2393,0
2394,1
2395,8
2396,1
2397,6
2398,4
2399,9
2400,8
2401,9
2402,8
2403,8
2404,6
2405,9
2406,1
2407,8
2408,4
2409,2
2410,7
2411,7
2412,0
2413,5
2414,1
2415,1
2416,0
2417,6
2418,4
2419,3
2420,0
2421,4
2422,3
2423,5
2424,1
2425,6
2426,3
2427,3
2428,4
2429,4
2430,5
2431,0
2432,9
2433,8
2434,3
2435,3
2436,1
2437,0
2438,2
2439,1
2440,4
2441,4
2442,4
2443,8
2444,4
2445,9
2446,0
2447,9
2448,9
2449,5
2450,0
2451,6
2452,0
2453,5
2454,0
2455,3
2456,9
2457,8
2458,3
2459,6
2460,1
2461,9
2462,4
2463,1
2464,6
2465,4
2466,5
2467,4
2468,1
2469,4
2470,8
2471,5
2472,9
2473,4
2474,5
2475,3
2476,8
2477,8
2478,1
2479,0
2480,6
2481,8
2482,9
2483,0
2484,5
2485,0
2486,2
2487,4
2488,9
2489,3
2490,2
2491,6
2492,8
2493,5
2494,9
2495,2
2496,3
2497,1
2498,6
2499,3
2500,6
2501,2
2502,7
2503,2
2504,1
2505,2
2506,0
2507,4
2508,0
2509,4
2510,8
2511,5
2512,0
2513,8
2514,5
2515,2
2516,7
2517,8
2518,1
2519,5
2520,9
2521,8
2522,0
2523,9
2524,0
2525,9
2526,3
2527,9
2528,5
2529,7
2530,9
2531,6
2532,0
2533,7
2534,1
2535,5
2536,5
2537,9
2538,5
2539,4
2540,6
2541,2
2542,4
2543,5
2544,9
2545,7
2546,4
2547,2
2548,6
2549,9
2550,9
2551,4
2552,2
2553,1
2554,3
2555,7
2556,1
2557,8
2558,7
2559,9
2560,1
2561,8
2562,9
2563,3
2564,7
2565,7
2566,7
2567,1
2568,7
2569,4
2570,4
2571,2
2572,2
2573,4
2574,5
2575,2
2576,8
2577,9
2578,6
2579,8
2580,6
2581,0
2582,7
2583,7
2584,5
2585,0
2586,1
2587,9
2588,6
2589,0
2590,4
2591,9
2592,2
2593,6
2594,6
2595,7
2596,1
2597,0
2598,5
2599,6
2600,7
2601,2
2602,8
2603,2
2604,3
2605,6
2606,1
2607,7
2608,4
2609,8
2610,7
2611,4
2612,1
2613,7
2614,8
2615,6
2616,4
2617,6
2618,4
2619,4
2620,1
2621,8
2622,6
2623,7
2624,2
2625,9
2626,4
2627,5
2628,6
2629,3
2630,3
2631,8
2632,8
2633,2
2634,0
2635,7
2636,2
2637,4
2638,0
2639,3
2640,1
2641,0
2642,8
2643,1
2644,7
2645,7
2646,2
2647,6
2648,3
2649,1
2650,2
2651,7
2652,0
2653,0
2654,0
2655,6
2656,2
2657,7
2658,2
2659,8
2660,3
2661,6
2662,3
2663,0
2664,9
2665,7
2666,3
2667,5
2668,4
2669,9
2670,6
2671,4
2672,5
2673,0
2674,0
2675,8
2676,4
2677,6
2678,4
2679,4
2680,0
2681,4
2682,1
2683,6
2684,6
2685,3
2686,7
2687,1
2688,3
2689,6
2690,4
2691,1
2692,1
2693,5
2694,6
2695,3
2696,8
2697,3
2698,4
2699,1
2700,7
2701,4
2702,9
2703,8
2704,8
2705,4
2706,5
2707,5
2708,6
2709,7
2710,3
2711,9
2712,1
2713,0
2714,5
2715,3
2716,7
2717,2
2718,1
2719,1
2720,8
2721,3
2722,2
2723,0
2724,5
2725,9
2726,6
2727,3
2728,8
2729,1
2730,0
2731,4
2732,6
2733,2
2734,4
2735,8
2736,3
2737,4
2738,2
2739,1
2740,9
2741,1
2742,7
2743,9
2744,5
2745,7
2746,6
2747,1
2748,5
2749,8
2750,8
2751,2
2752,6
2753,4
2754,6
2755,3
2756,1
2757,6
2758,3
2759,0
2760,3
2761,9
2762,8
2763,4
2764,0
2765,8
2766,4
2767,3
2768,9
2769,7
2770,1
2771,1
2772,7
2773,5
2774,1
2775,9
2776,4
2777,4
2778,2
2779,3
2780,8
2781,6
2782,7
2783,1
2784,3
2785,0
2786,7
2787,3
2788,5
2789,8
2790,1
2791,4
2792,2
2793,3
2794,4
2795,8
2796,8
2797,8
2798,3
2799,8
2800,1
2801,8
2802,9
2803,3
2804,0
2805,6
2806,0
2807,2
2808,9
2809,7
2810,3
2811,7
2812,0
2813,1
2814,3
2815,5
2816,9
2817,3
2818,0
2819,5
2820,0
2821,5
2822,8
2823,7
2824,3
2825,6
2826,2
2827,8
2828,0
2829,0
2830,9
2831,3
2832,0
2833,5
2834,8
2835,1
2836,1
2837,2
2838,6
2839,6
2840,4
2841,8
2842,6
2843,6
2844,3
2845,3
2846,9
2847,5
2848,4
2849,2
2850,3
2851,1
2852,8
2853,1
2854,5
2855,2
2856,0
2857,0
2858,7
2859,9
2860,3
2861,2
2862,7
2863,1
2864,7
2865,6
2866,1
2867,6
2868,2
2869,6
2870,6
2871,7
2872,0
2873,4
2874,9
2875,3
2876,2
2877,5
2878,0
2879,8
2880,6
2881,2
2882,6
2883,7
2884,4
2885,2
2886,1
2887,1
2888,0
2889,3
2890,5
2891,5
2892,2
2893,6
2894,2
2895,1
2896,8
2897,0
2898,4
2899,4
2900,3
2901,4
2902,2
2903,9
2904,2
2905,1
2906,9
2907,6
2908,2
2909,0
2910,6
2911,4
2912,5
2913,4
2914,9
2915,8
2916,1
2917,6
2918,3
2919,6
2920,2
2921,9
2922,4
2923,3
2924,5
2925,1
2926,2
2927,6
2928,0
2929,1
2930,1
2931,0
2932,2
2933,6
2934,9
2935,9
2936,0
2937,1
2938,2
2939,4
2940,6
2941,7
2942,2
2943,1
2944,1
2945,7
2946,7
2947,8
2948,7
2949,6
2950,5
2951,3
2952,7
2953,2
2954,0
2955,9
2956,2
2957,1
2958,6
2959,2
2960,6
2961,5
2962,8
2963,5
2964,2
2965,7
2966,8
2967,4
2968,0
2969,9
2970,0
2971,8
2972,1
2973,3
2974,8
2975,2
2976,8
2977,2
2978,0
2979,0
2980,3
2981,8
2982,7
2983,8
2984,2
2985,2
2986,6
2987,6
2988,0
2989,4
2990,5
2991,3
2992,4
2993,1
2994,1
2995,9
2996,7
2997,0
2998,6
2999,2
3000,1
3001,4
3002,2
3003,7
3004,7
3005,1
3006,8
3007,3
3008,8
3009,7
3010,9
3011,8
3012,7
3013,2
3014,7
3015,9
3016,7
3017,2
3018,2
3019,2
3020,6
3021,3
3022,3
3023,9
3024,1
3025,1
3026,4
3027,8
3028,0
3029,9
3030,7
3031,5
3032,2
3033,8
3034,8
3035,3
3036,6
3037,3
3038,6
3039,8
3040,2
3041,2
3042,5
3043,9
3044,2
3045,6
3046,8
3047,3
3048,2
3049,8
3050,3
3051,3
3052,1
3053,1
3054,3
3055,0
3056,1
3057,8
3058,4
3059,1
3060,5
3061,8
3062,1
3063,5
3064,8
3065,0
3066,7
3067,8
3068,7
3069,5
3070,9
3071,5
3072,5
3073,3
3074,0
3075,7
3076,8
3077,4
3078,5
3079,1
3080,6
3081,4
3082,2
3083,4
3084,3
3085,7
3086,7
3087,9
3088,7
3089,2
3090,5
3091,8
3092,5
3093,8
3094,5
3095,3
3096,0
3097,9
3098,7
3099,2
3100,0
3101,6
3102,8
3103,4
3104,0
3105,7
3106,3
3107,7
3108,6
3109,8
3110,4
3111,7
3112,0
3113,0
3114,4
3115,0
3116,6
3117,7
3118,8
3119,1
3120,3
3121,8
3122,1
3123,7
3124,3
3125,6
3126,1
3127,1
3128,6
3129,6
3130,9
3131,8
3132,2
3133,8
3134,2
3135,7
3136,7
3137,1
3138,3
3139,0
3140,3
3141,0
3142,7
3143,8
3144,7
3145,6
3146,5
3147,2
3148,6
3149,7
3150,5
3151,5
3152,8
3153,9
3154,7
3155,3
3156,2
3157,4
3158,8
3159,3
3160,9
3161,5
3162,7
3163,6
3164,2
3165,6
3166,7
3167,3
3168,8
3169,5
3170,1
3171,8
3172,9
3173,2
3174,6
3175,1
3176,4
3177,2
3178,7
3179,4
3180,0
3181,4
3182,4
3183,8
3184,9
3185,7
3186,9
3187,2
3188,2
3189,8
3190,2
3191,6
3192,0
3193,6
3194,3
3195,4
3196,1
3197,5
3198,4
3199,7
3200,5
3201,0
3202,7
3203,6
3204,2
3205,0
3206,5
3207,1
3208,1
3209,3
3210,7
3211,3
3212,8
3213,8
3214,7
3215,5
3216,9
3217,9
3218,5
3219,5
3220,4
3221,0
3222,7
3223,1
3224,4
3225,6
3226,0
3227,9
3228,9
3229,3
3230,6
3231,8
3232,0
3233,5
3234,7
3235,8
3236,0
3237,2
3238,7
3239,6
3240,2
3241,4
3242,8
3243,1
3244,0
3245,4
3246,8
3247,0
3248,7
3249,5
3250,8
3251,7
3252,7
3253,5
3254,5
3255,0
3256,7
3257,6
3258,0
3259,2
3260,0
3261,3
3262,4
3263,2
3264,0
3265,3
3266,9
3267,4
3268,5
3269,4
3270,4
3271,1
3272,2
3273,5
3274,7
3275,0
3276,5
3277,0
3278,2
3279,5
3280,0
3281,4
3282,8
3283,0
3284,0
3285,7
3286,2
3287,7
3288,2
3289,3
3290,4
3291,7
3292,1
3293,2
3294,3
3295,4
3296,2
3297,2
3298,3
3299,9
3300,9
3301,2
3302,8
3303,0
3304,4
3305,0
3306,0
3307,1
3308,9
3309,3
3310,9
3311,0
3312,8
3313,3
3314,9
3315,4
3316,7
3317,9
3318,1
3319,5
3320,8
3321,1
3322,3
3323,6
3324,2
3325,4
3326,8
3327,6
3328,3
3329,3
3330,0
3331,0
3332,0
3333,3
3334,3
3335,1
3336,6
3337,8
3338,4
3339,7
3340,3
3341,0
3342,0
3343,5
3344,8
3345,8
3346,8
3347,6
3348,1
3349,0
3350,8
3351,7
3352,8
3353,5
3354,8
3355,7
3356,0
3357,7
3358,2
3359,7
3360,1
3361,5
3362,5
3363,8
3364,3
3365,2
3366,8
3367,5
3368,9
3369,9
3370,4
3371,0
3372,6
3373,7
3374,1
3375,8
3376,8
3377,8
3378,7
3379,2
3380,0
3381,9
3382,7
3383,9
3384,6
3385,9
3386,4
3387,1
3388,4
3389,7
3390,2
3391,5
3392,2
3393,6
3394,2
3395,9
3396,0
3397,7
3398,1
3399,9
3400,7
3401,6
3402,5
3403,3
3404,8
3405,4
3406,9
3407,3
3408,9
3409,5
3410,7
3411,5
3412,1
3413,3
3414,3
3415,6
3416,6
3417,7
3418,5
3419,3
3420,5
3421,5
3422,8
3423,7
3424,7
3425,4
3426,6
3427,5
3428,5
3429,6
3430,4
3431,8
3432,3
3433,0
3434,9
3435,2
3436,0
3437,2
3438,2
3439,7
3440,4
3441,0
3442,7
3443,1
3444,4
3445,8
3446,1
3447,4
3448,7
3449,8
3450,2
3451,0
3452,7
3453,2
3454,0
3455,2
3456,2
3457,3
3458,2
3459,3
3460,0
3461,5
3462,2
3463,3
3464,2
3465,8
3466,0
3467,0
3468,8
3469,4
3470,6
3471,4
3472,8
3473,3
3474,5
3475,1
3476,6
3477,9
3478,1
3479,4
3480,9
3481,6
3482,7
3483,4
3484,0
3485,0
3486,2
3487,5
3488,0
3489,3
3490,5
3491,6
3492,5
3493,1
3494,7
3495,9
3496,4
3497,6
3498,7
3499,4
3500,0
3501,2
3502,8
3503,1
3504,0
3505,9
3506,9
3507,7
3508,8
3509,4
3510,6
3511,9
3512,7
3513,7
3514,5
3515,8
3516,8
3517,7
3518,5
3519,3
3520,5
3521,5
3522,0
3523,8
3524,9
3525,7
3526,2
3527,1
3528,4
3529,7
3530,1
3531,3
3532,4
3533,3
3534,2
3535,2
3536,9
3537,4
3538,7
3539,7
3540,6
3541,5
3542,0
3543,8
3544,8
3545,6
3546,8
3547,5
3548,6
3549,0
3550,7
3551,3
3552,0
3553,0
3554,3
3555,5
3556,2
3557,0
3558,7
3559,7
3560,7
3561,1
3562,5
3563,2
3564,1
3565,8
3566,5
3567,2
3568,6
3569,8
3570,7
3571,7
3572,6
3573,7
3574,1
3575,0
3576,9
3577,5
3578,3
3579,9
3580,3
3581,5
3582,0
3583,7
3584,4
3585,2
3586,0
3587,1
3588,6
3589,5
3590,9
3591,3
3592,2
3593,8
3594,5
3595,7
3596,3
3597,1
3598,2
3599,0
3600,8
3601,1
3602,8
3603,5
3604,6
3605,9
3606,3
3607,3
3608,8
3609,0
3610,4
3611,2
3612,0
3613,0
3614,4
3615,2
3616,3
3617,4
3618,5
3619,9
3620,1
3621,1
3622,9
3623,4
3624,7
3625,0
3626,3
3627,1
3628,0
3629,0
3630,7
3631,7
3632,0
3633,7
3634,8
3635,0
3636,5
3637,6
3638,4
3639,4
3640,8
3641,9
3642,7
3643,4
3644,9
3645,5
3646,3
3647,7
3648,2
3649,4
3650,1
3651,9
3652,7
3653,8
3654,1
3655,3
3656,9
3657,3
3658,6
3659,7
3660,8
3661,6
3662,5
3663,6
3664,7
3665,9
3666,9
3667,7
3668,0
3669,4
3670,2
3671,4
3672,4
3673,0
3674,7
3675,5
3676,3
3677,9
3678,2
3679,8
3680,8
3681,0
3682,0
3683,4
3684,1
3685,9
3686,3
3687,3
3688,5
3689,1
3690,5
3691,5
3692,9
3693,2
3694,8
3695,5
3696,5
3697,9
3698,5
3699,4
3700,6
3701,7
3702,3
3703,5
3704,4
3705,2
3706,0
3707,9
3708,4
3709,8
3710,1
3711,9
3712,2
3713,6
3714,2
3715,4
3716,8
3717,8
3718,7
3719,7
3720,3
3721,9
3722,3
3723,9
3724,6
3725,8
3726,2
3727,6
3728,9
3729,0
3730,4
3731,4
3732,5
3733,7
3734,0
3735,4
3736,6
3737,4
3738,1
3739,3
3740,1
3741,8
3742,7
3743,8
3744,8
3745,9
3746,7
3747,0
3748,5
3749,7
3750,3
3751,6
3752,0
3753,4
3754,0
3755,3
3756,6
3757,8
3758,8
3759,8
3760,0
3761,2
3762,3
3763,2
3764,8
3765,8
3766,1
3767,4
3768,1
3769,1
3770,6
3771,3
3772,2
3773,2
3774,8
3775,0
3776,0
3777,4
3778,1
3779,3
3780,2
3781,7
3782,0
3783,6
3784,7
3785,9
3786,9
3787,6
3788,7
3789,6
3790,9
3791,9
3792,8
3793,4
3794,8
3795,3
3796,4
3797,0
3798,9
3799,6
3800,6
3801,4
3802,3
3803,8
3804,2
3805,3
3806,6
3807,9
3808,0
3809,4
3810,7
3811,3
3812,7
3813,8
3814,8
3815,2
3816,2
3817,8
3818,8
3819,0
3820,1
3821,5
3822,8
3823,9
3824,8
3825,7
3826,1
3827,0
3828,3
3829,2
3830,3
3831,0
3832,9
3833,3
3834,9
3835,9
3836,1
3837,5
3838,9
3839,4
3840,1
3841,7
3842,6
3843,1
3844,0
3845,5
3846,3
3847,8
3848,8
3849,4
3850,1
3851,7
3852,0
3853,5
3854,0
3855,4
3856,1
3857,7
3858,1
3859,7
3860,9
3861,6
3862,3
3863,9
3864,6
3865,2
3866,5
3867,3
3868,5
3869,8
3870,8
3871,2
3872,4
3873,7
3874,7
3875,4
3876,6
3877,0
3878,5
3879,5
3880,4
3881,6
3882,2
3883,5
3884,6
3885,8
3886,5
3887,6
3888,9
3889,1
3890,3
3891,1
3892,4
3893,5
3894,9
3895,0
3896,7
3897,0
3898,3
3899,5
3900,6
3901,1
3902,5
3903,8
3904,5
3905,6
3906,6
3907,9
3908,1
3909,9
3910,1
3911,7
3912,1
3913,8
3914,0
3915,3
3916,4
3917,0
3918,2
3919,0
3920,3
3921,3
3922,8
3923,8
3924,0
3925,3
3926,6
3927,8
3928,1
3929,1
3930,3
3931,3
3932,2
3933,2
3934,1
3935,8
3936,3
3937,2
3938,2
3939,2
3940,3
3941,2
3942,3
3943,9
3944,2
3945,3
3946,0
3947,4
3948,5
3949,7
3950,1
3951,6
3952,1
3953,1
3954,0
3955,0
3956,8
3957,5
3958,1
3959,6
3960,5
3961,4
3962,8
3963,1
3964,7
3965,1
3966,6
3967,4
3968,9
3969,4
3970,2
3971,1
3972,5
3973,3
3974,1
3975,5
3976,8
3977,7
3978,7
3979,7
3980,2
3981,7
3982,5
3983,4
3984,4
3985,2
3986,0
3987,6
3988,8
3989,9
3990,9
3991,5
3992,8
3993,0
3994,4
3995,4
3996,1
3997,3
3998,7
3999,5
4000,0
4001,0
4002,9
4003,8
4004,5
4005,3
4006,0
4007,7
4008,1
4009,9
4010,7
4011,8
4012,4
4013,0
4014,9
4015,9
4016,1
4017,2
4018,0
4019,6
4020,2
4021,2
4022,5
4023,1
4024,0
4025,4
4026,8
4027,3
4028,4
4029,8
4030,3
4031,4
4032,0
4033,0
4034,3
4035,6
4036,7
4037,2
4038,4
4039,1
4040,5
4041,3
4042,0
4043,7
4044,9
4045,9
4046,1
4047,5
4048,5
4049,9
4050,1
4051,4
4052,6
4053,1
4054,2
4055,8
4056,3
4057,5
4058,7
4059,8
4060,0
4061,4
4062,2
4063,7
4064,2
4065,7
4066,5
4067,6
4068,8
4069,7
4070,8
4071,8
4072,4
4073,9
4074,2
4075,5
4076,5
4077,9
4078,9
4079,6
4080,4
4081,2
4082,6
4083,6
4084,3
4085,8
4086,7
4087,6
4088,6
4089,7
4090,5
4091,2
4092,9
4093,0
4094,3
4095,4
4096,4
4097,8
4098,4
4099,0
4100,2
4101,7
4102,0
4103,5
4104,2
4105,6
4106,4
4107,8
4108,0
4109,0
4110,2
4111,0
4112,2
4113,5
4114,5
4115,8
4116,0
4117,7
4118,0
4119,8
4120,9
4121,0
4122,2
4123,1
4124,2
4125,5
4126,1
4127,6
4128,2
4129,9
4130,6
4131,4
4132,9
4133,9
4134,1
4135,4
4136,3
4137,1
4138,2
4139,8
4140,6
4141,3
4142,2
4143,2
4144,2
4145,0
4146,2
4147,3
4148,3
4149,5
4150,2
4151,3
4152,6
4153,0
4154,8
4155,5
4156,4
4157,0
4158,1
4159,2
4160,2
4161,2
4162,6
4163,7
4164,9
4165,6
4166,4
4167,3
4168,3
4169,6
4170,8
4171,5
4172,4
4173,4
4174,0
4175,3
4176,3
4177,5
4178,2
4179,5
4180,1
4181,5
4182,5
4183,1
4184,7
4185,5
4186,2
4187,1
4188,8
4189,8
4190,0
4191,9
4192,6
4193,6
4194,0
4195,3
4196,6
4197,1
4198,8
4199,3
4200,4
4201,2
4202,1
4203,2
4204,0
4205,3
4206,0
4207,8
4208,5
4209,1
4210,5
4211,0
4212,2
4213,0
4214,3
4215,9
4216,8
4217,2
4218,8
4219,1
4220,0
4221,2
4222,6
4223,2
4224,0
4225,3
4226,7
4227,5
4228,0
4229,6
4230,2
4231,0
4232,8
4233,4
4234,2
4235,1
4236,8
4237,6
4238,8
4239,2
4240,9
4241,2
4242,6
4243,8
4244,5
4245,2
4246,7
4247,3
4248,6
4249,2
4250,6
4251,6
4252,6
4253,8
4254,5
4255,2
4256,1
4257,5
4258,2
4259,8
4260,2
4261,9
4262,3
4263,6
4264,3
4265,6
4266,4
4267,6
4268,7
4269,7
4270,9
4271,6
4272,4
4273,9
4274,8
4275,0
4276,5
4277,8
4278,7
4279,7
4280,6
4281,7
4282,7
4283,0
4284,7
4285,7
4286,2
4287,9
4288,7
4289,4
4290,2
4291,2
4292,3
4293,8
4294,0
4295,1
4296,9
4297,8
4298,0
4299,6
4300,2
4301,8
4302,3
4303,8
4304,0
4305,7
4306,6
4307,4
4308,3
4309,8
4310,1
4311,3
4312,8
4313,7
4314,3
4315,0
4316,3
4317,4
4318,8
4319,8
4320,9
4321,1
4322,3
4323,2
4324,1
4325,4
4326,8
4327,0
4328,4
4329,6
4330,7
4331,3
4332,9
4333,4
4334,9
4335,0
4336,4
4337,6
4338,5
4339,7
4340,0
4341,8
4342,1
4343,7
4344,5
4345,4
4346,9
4347,5
4348,7
4349,3
4350,2
4351,0
4352,9
4353,8
4354,7
4355,3
4356,7
4357,7
4358,4
4359,7
4360,5
4361,8
4362,5
4363,2
4364,4
4365,6
4366,2
4367,3
4368,8
4369,9
4370,7
4371,1
4372,3
4373,4
4374,2
4375,9
4376,7
4377,1
4378,2
4379,2
4380,6
4381,0
4382,5
4383,5
4384,4
4385,5
4386,2
4387,8
4388,9
4389,4
4390,9
4391,9
4392,1
4393,4
4394,3
4395,1
4396,5
4397,5
4398,5
4399,6
4400,8
4401,1
4402,5
4403,5
4404,9
4405,5
4406,9
4407,8
4408,3
4409,1
4410,1
4411,4
4412,6
4413,6
4414,9
4415,3
4416,6
4417,4
4418,4
4419,8
4420,6
4421,5
4422,4
4423,9
4424,0
4425,2
4426,8
4427,4
4428,8
4429,6
4430,3
4431,6
4432,1
4433,4
4434,3
4435,3
4436,8
4437,4
4438,9
4439,9
4440,0
4441,7
4442,9
4443,5
4444,3
4445,1
4446,7
4447,2
4448,8
4449,4
4450,9
4451,6
4452,1
4453,6
4454,0
4455,5
4456,8
4457,1
4458,9
4459,3
4460,0
4461,8
4462,3
4463,8
4464,4
4465,2
4466,5
4467,6
4468,9
4469,0
4470,1
4471,4
4472,0
4473,7
4474,9
4475,0
4476,1
4477,3
4478,9
4479,5
4480,1
4481,4
4482,1
4483,1
4484,4
4485,8
4486,3
4487,9
4488,5
4489,4
4490,4
4491,3
4492,7
4493,7
4494,7
4495,2
4496,3
4497,9
4498,1
4499,9
4500,4
4501,4
4502,0
4503,7
4504,6
4505,6
4506,7
4507,9
4508,0
4509,6
4510,4
4511,9
4512,0
4513,4
4514,0
4515,2
4516,7
4517,9
4518,6
4519,1
4520,1
4521,2
4522,0
4523,8
4524,8
4525,7
4526,4
4527,2
4528,7
4529,5
4530,7
4531,6
4532,1
4533,8
4534,1
4535,4
4536,9
4537,8
4538,9
4539,0
4540,1
4541,0
4542,0
4543,0
4544,3
4545,0
4546,6
4547,4
4548,1
4549,9
4550,7
4551,1
4552,2
4553,2
4554,5
4555,3
4556,4
4557,1
4558,7
4559,6
4560,7
4561,0
4562,2
4563,8
4564,8
4565,1
4566,4
4567,9
4568,9
4569,3
4570,3
4571,4
4572,9
4573,3
4574,9
4575,8
4576,5
4577,3
4578,8
4579,4
4580,7
4581,1
4582,4
4583,1
4584,9
4585,6
4586,8
4587,3
4588,2
4589,4
4590,8
4591,1
4592,1
4593,5
4594,8
4595,6
4596,1
4597,6
4598,2
4599,9
4600,0
4601,9
4602,5
4603,3
4604,5
4605,0
4606,6
4607,5
4608,6
4609,8
4610,3
4611,8
4612,0
4613,2
4614,9
4615,9
4616,1
4617,5
4618,3
4619,2
4620,6
4621,5
4622,3
4623,0
4624,3
4625,0
4626,7
4627,4
4628,0
4629,2
4630,1
4631,9
4632,5
4633,1
4634,7
4635,5
4636,5
4637,5
4638,9
4639,6
4640,8
4641,4
4642,6
4643,6
4644,4
4645,6
4646,4
4647,1
4648,1
4649,2
4650,2
4651,8
4652,4
4653,9
4654,0
4655,5
4656,8
4657,1
4658,0
4659,8
4660,3
4661,2
4662,6
4663,8
4664,3
4665,0
4666,9
4667,3
4668,4
4669,9
4670,7
4671,2
4672,6
4673,2
4674,2
4675,8
4676,9
4677,6
4678,1
4679,4
4680,7
4681,7
4682,9
4683,7
4684,3
4685,2
4686,7
4687,2
4688,7
4689,3
4690,0
4691,2
4692,0
4693,9
4694,4
4695,3
4696,3
4697,1
4698,9
4699,5
4700,8
4701,2
4702,3
4703,5
4704,0
4705,0
4706,4
4707,5
4708,8
4709,3
4710,5
4711,0
4712,7
4713,7
4714,6
4715,0
4716,9
4717,5
4718,1
4719,4
4720,4
4721,5
4722,3
4723,0
4724,6
4725,1
4726,4
4727,6
4728,5
4729,4
4730,8
4731,5
4732,7
4733,3
4734,0
4735,8
4736,3
4737,5
4738,2
4739,4
4740,9
4741,8
4742,5
4743,9
4744,8
4745,1
4746,5
4747,5
4748,0
4749,1
4750,5
4751,3
4752,3
4753,3
4754,3
4755,4
4756,4
4757,3
4758,0
4759,7
4760,8
4761,0
4762,9
4763,6
4764,3
4765,0
4766,4
4767,2
4768,7
4769,3
4770,5
4771,7
4772,3
4773,7
4774,8
4775,4
4776,6
4777,2
4778,2
4779,3
4780,1
4781,0
4782,7
4783,5
4784,2
4785,6
4786,4
4787,1
4788,1
4789,4
4790,7
4791,2
4792,3
4793,5
4794,5
4795,0
4796,4
4797,4
4798,4
4799,8
4800,9
4801,9
4802,2
4803,0
4804,9
4805,8
4806,3
4807,5
4808,3
4809,1
4810,4
4811,5
4812,0
4813,1
4814,8
4815,5
4816,8
4817,6
4818,0
4819,7
4820,8
4821,9
4822,2
4823,2
4824,6
4825,3
4826,2
4827,2
4828,2
4829,8
4830,9
4831,1
4832,9
4833,7
4834,4
4835,5
4836,6
4837,3
4838,2
4839,6
4840,5
4841,6
4842,6
4843,5
4844,8
4845,6
4846,2
4847,2
4848,9
4849,4
4850,7
4851,8
4852,3
4853,0
4854,2
4855,7
4856,7
4857,5
4858,9
4859,7
4860,7
4861,3
4862,8
4863,7
4864,5
4865,9
4866,9
4867,8
4868,2
4869,1
4870,0
4871,8
4872,0
4873,2
4874,6
4875,7
4876,9
4877,2
4878,2
4879,5
4880,4
4881,3
4882,2
4883,1
4884,1
4885,9
4886,0
4887,5
4888,5
4889,4
4890,9
4891,8
4892,9
4893,6
4894,5
4895,4
4896,6
4897,0
4898,5
4899,7
4900,8
4901,4
4902,8
4903,8
4904,7
4905,6
4906,9
4907,4
4908,9
4909,6
4910,9
4911,7
4912,3
4913,9
4914,9
4915,3
4916,6
4917,0
4918,2
4919,8
4920,7
4921,9
4922,4
4923,0
4924,0
4925,4
4926,1
4927,0
4928,3
4929,8
4930,4
4931,8
4932,4
4933,4
4934,2
4935,3
4936,5
4937,7
4938,7
4939,8
4940,5
4941,6
4942,3
4943,2
4944,1
4945,8
4946,3
4947,8
4948,5
4949,4
4950,2
4951,3
4952,0
4953,8
4954,3
4955,3
4956,2
4957,9
4958,0
4959,9
4960,9
4961,0
4962,1
4963,8
4964,3
4965,0
4966,3
4967,8
4968,6
4969,8
4970,5
4971,1
4972,3
4973,0
4974,1
4975,9
4976,3
4977,5
4978,0
4979,6
4980,2
4981,3
4982,1
4983,5
4984,3
4985,2
4986,8
4987,5
4988,7
4989,8
4990,0
4991,1
4992,1
4993,0
4994,6
4995,4
4996,5
4997,9
4998,0
4999,7
5000,2
5001,3
5002,6
5003,4
5004,6
5005,3
5006,3
5007,9
5008,4
5009,9
5010,0
5011,8
5012,3
5013,5
5014,0
5015,2
5016,0
5017,1
5018,3
5019,9
5020,4
5021,2
5022,5
5023,0
5024,5
5025,3
5026,2
5027,5
5028,0
5029,0
5030,0
5031,0
5032,6
5033,9
5034,1
5035,3
5036,4
5037,3
5038,5
5039,5
5040,6
5041,6
5042,1
5043,4
5044,9
5045,7
5046,4
5047,4
5048,7
5049,5
5050,7
5051,1
5052,6
5053,8
5054,7
5055,9
5056,5
5057,7
5058,0
5059,2
5060,9
5061,2
5062,5
5063,0
5064,7
5065,6
5066,4
5067,5
5068,2
5069,9
5070,3
5071,3
5072,2
5073,5
5074,9
5075,2
5076,5
5077,9
5078,7
5079,3
5080,8
5081,3
5082,5
5083,6
5084,5
5085,3
5086,0
5087,7
5088,6
5089,9
5090,5
5091,1
5092,3
5093,6
5094,9
5095,3
5096,6
5097,2
5098,5
5099,3
5100,4
5101,9
5102,9
5103,1
5104,2
5105,2
5106,2
5107,4
5108,6
5109,8
5110,7
5111,9
5112,9
5113,4
5114,8
5115,8
5116,9
5117,0
5118,7
5119,0
5120,4
5121,3
5122,8
5123,6
5124,4
5125,2
5126,0
5127,1
5128,4
5129,0
5130,2
5131,1
5132,5
5133,4
5134,6
5135,0
5136,0
5137,3
5138,4
5139,5
5140,6
5141,8
5142,7
5143,6
5144,0
5145,3
5146,1
5147,8
5148,8
5149,8
5150,9
5151,9
5152,5
5153,5
5154,8
5155,6
5156,5
5157,4
5158,4
5159,2
5160,5
5161,6
5162,9
5163,2
5164,9
5165,1
5166,0
5167,4
5168,6
5169,6
5170,9
5171,8
5172,0
5173,4
5174,9
5175,1
5176,9
5177,4
5178,7
5179,3
5180,5
5181,4
5182,3
5183,4
5184,6
5185,1
5186,0
5187,2
5188,4
5189,3
5190,7
5191,8
5192,4
5193,5
5194,5
5195,9
5196,0
5197,6
5198,3
5199,4
5200,5
5201,5
5202,5
5203,7
5204,3
5205,1
5206,3
5207,3
5208,7
5209,0
5210,7
5211,7
5212,6
5213,8
5214,3
5215,5
5216,5
5217,8
5218,1
5219,9
5220,4
5221,0
5222,4
5223,2
5224,1
5225,6
5226,0
5227,1
5228,6
5229,5
5230,0
5231,8
5232,1
5233,1
5234,7
5235,5
5236,2
5237,5
5238,9
5239,0
5240,8
5241,3
5242,4
5243,4
5244,2
5245,7
5246,0
5247,7
5248,3
5249,3
5250,2
5251,3
5252,7
5253,1
5254,6
5255,6
5256,3
5257,3
5258,0
5259,6
5260,6
5261,4
5262,8
5263,7
5264,0
5265,3
5266,6
5267,4
5268,7
5269,3
5270,3
5271,6
5272,0
5273,2
5274,4
5275,4
5276,1
5277,8
5278,1
5279,9
5280,1
5281,2
5282,6
5283,4
5284,2
5285,5
5286,3
5287,3
5288,5
5289,3
5290,5
5291,8
5292,3
5293,9
5294,7
5295,3
5296,0
5297,0
5298,1
5299,0
5300,1
5301,0
5302,7
5303,7
5304,4
5305,8
5306,9
5307,0
5308,1
5309,5
5310,4
5311,9
5312,4
5313,7
5314,9
5315,9
5316,9
5317,0
5318,1
5319,0
5320,9
5321,9
5322,5
5323,1
5324,7
5325,2
5326,9
5327,1
5328,5
5329,6
5330,8
5331,1
5332,7
5333,3
5334,3
5335,8
5336,4
5337,7
5338,0
5339,8
5340,9
5341,8
5342,8
5343,4
5344,5
5345,6
5346,4
5347,5
5348,9
5349,0
5350,0
5351,5
5352,3
5353,7
5354,7
5355,4
5356,4
5357,7
5358,4
5359,5
5360,8
5361,3
5362,7
5363,2
5364,7
5365,3
5366,8
5367,8
5368,8
5369,7
5370,8
5371,6
5372,0
5373,5
5374,7
5375,9
5376,8
5377,5
5378,6
5379,0
5380,6
5381,4
5382,4
5383,2
5384,8
5385,9
5386,9
5387,1
5388,9
5389,5
5390,8
5391,4
5392,4
5393,8
5394,4
5395,8
5396,7
5397,4
5398,8
5399,3
5400,0
5401,7
5402,8
5403,8
5404,3
5405,9
5406,9
5407,5
5408,9
5409,2
5410,6
5411,9
5412,7
5413,5
5414,7
5415,4
5416,9
5417,9
5418,2
5419,3
5420,9
5421,5
5422,3
5423,5
5424,6
5425,1
5426,2
5427,9
5428,1
5429,4
5430,8
5431,5
5432,1
5433,7
5434,9
5435,0
5436,3
5437,3
5438,6
5439,9
5440,0
5441,4
5442,6
5443,0
5444,0
5445,2
5446,9
5447,7
5448,1
5449,9
5450,8
5451,5
5452,6
5453,8
5454,5
5455,9
5456,5
5457,2
5458,4
5459,2
5460,5
5461,2
5462,2
5463,5
5464,4
5465,2
5466,7
5467,1
5468,2
5469,6
5470,8
5471,2
5472,5
5473,6
5474,2
5475,6
5476,9
5477,5
5478,5
5479,1
5480,5
5481,2
5482,4
5483,4
5484,2
5485,4
5486,1
5487,9
5488,3
5489,7
5490,2
5491,7
5492,4
5493,2
5494,9
5495,7
5496,4
5497,6
5498,6
5499,1
5500,7
5501,1
5502,4
5503,7
5504,6
5505,1
5506,7
5507,3
5508,0
5509,3
5510,2
5511,4
5512,1
5513,0
5514,4
5515,1
5516,7
5517,9
5518,0
5519,2
5520,9
5521,6
5522,0
5523,7
5524,1
5525,9
5526,5
5527,2
5528,9
5529,8
5530,6
5531,4
5532,0
5533,3
5534,3
5535,2
5536,2
5537,8
5538,1
5539,0
5540,8
5541,1
5542,8
5543,1
5544,0
5545,1
5546,4
5547,7
5548,3
5549,7
5550,7
5551,3
5552,3
5553,9
5554,9
5555,0
5556,8
5557,2
5558,5
5559,8
5560,9
5561,5
5562,3
5563,5
5564,4
5565,1
5566,6
5567,9
5568,2
5569,4
5570,2
5571,6
5572,1
5573,8
5574,1
5575,3
5576,6
5577,0
5578,2
5579,1
5580,7
5581,0
5582,5
5583,4
5584,5
5585,3
5586,6
5587,2
5588,1
5589,6
5590,0
5591,7
5592,3
5593,6
5594,2
5595,3
5596,6
5597,1
5598,5
5599,2
5600,9
5601,0
5602,8
5603,0
5604,4
5605,4
5606,0
5607,1
5608,7
5609,5
5610,3
5611,3
5612,3
5613,2
5614,0
5615,3
5616,5
5617,2
5618,6
5619,2
5620,5
5621,1
5622,4
5623,2
5624,2
5625,1
5626,9
5627,3
5628,4
5629,6
5630,9
5631,5
5632,8
5633,0
5634,6
5635,3
5636,6
5637,0
5638,8
5639,1
5640,2
5641,3
5642,3
5643,1
5644,5
5645,5
5646,3
5647,2
5648,6
5649,7
5650,1
5651,3
5652,2
5653,3
5654,6
5655,1
5656,2
5657,2
5658,8
5659,0
5660,8
5661,2
5662,7
5663,0
5664,3
5665,1
5666,3
5667,8
5668,3
5669,4
5670,1
5671,2
5672,6
5673,3
5674,6
5675,7
5676,7
5677,8
5678,3
5679,6
5680,9
5681,5
5682,6
5683,6
5684,9
5685,5
5686,4
5687,3
5688,8
5689,5
5690,3
5691,8
5692,3
5693,7
5694,9
5695,0
5696,2
5697,5
5698,1
5699,0
5700,5
5701,2
5702,3
5703,5
5704,7
5705,9
5706,6
5707,0
5708,7
5709,1
5710,2
5711,0
5712,8
5713,0
5714,2
5715,2
5716,7
5717,8
5718,0
5719,2
5720,4
5721,4
5722,9
5723,7
5724,3
5725,2
5726,5
5727,4
5728,5
5729,1
5730,9
5731,5
5732,0
5733,5
5734,2
5735,4
5736,1
5737,7
5738,9
5739,0
5740,3
5741,3
5742,4
5743,9
5744,1
5745,0
5746,1
5747,9
5748,5
5749,6
5750,8
5751,2
5752,2
5753,1
5754,4
5755,0
5756,6
5757,7
5758,9
5759,0
5760,1
5761,1
5762,4
5763,3
5764,6
5765,9
5766,8
5767,1
5768,3
5769,7
5770,3
5771,9
5772,9
5773,5
5774,4
5775,2
5776,3
5777,6
5778,8
5779,8
5780,5
5781,5
5782,1
5783,8
5784,8
5785,5
5786,7
5787,9
5788,9
5789,3
5790,4
5791,4
5792,2
5793,7
5794,9
5795,6
5796,2
5797,7
5798,5
5799,4
5800,7
5801,6
5802,1
5803,4
5804,2
5805,2
5806,0
5807,9
5808,0
5809,0
5810,5
5811,1
5812,1
5813,7
5814,8
5815,3
5816,6
5817,6
5818,2
5819,0
5820,2
5821,4
5822,9
5823,5
5824,2
5825,4
5826,6
5827,4
5828,6
5829,1
5830,5
5831,2
5832,7
5833,8
5834,6
5835,7
5836,7
5837,0
5838,8
5839,4
5840,3
5841,6
5842,9
5843,1
5844,2
5845,1
5846,7
5847,4
5848,3
5849,4
5850,9
5851,9
5852,6
5853,2
5854,4
5855,3
5856,6
5857,5
5858,7
5859,5
5860,2
5861,7
5862,8
5863,9
5864,9
5865,2
5866,7
5867,8
5868,7
5869,7
5870,5
5871,8
5872,7
5873,6
5874,6
5875,9
5876,0
5877,1
5878,8
5879,7
5880,5
5881,4
5882,5
5883,3
5884,7
5885,6
5886,6
5887,5
5888,5
5889,6
5890,9
5891,9
5892,1
5893,9
5894,5
5895,9
5896,4
5897,4
5898,1
5899,5
5900,8
5901,3
5902,5
5903,1
5904,8
5905,6
5906,5
5907,0
5908,2
5909,3
5910,7
5911,1
5912,1
5913,1
5914,8
5915,7
5916,5
5917,6
5918,4
5919,4
5920,7
5921,0
5922,0
5923,5
5924,3
5925,4
5926,8
5927,6
5928,5
5929,2
5930,7
5931,3
5932,2
5933,3
5934,2
5935,7
5936,8
5937,0
5938,7
5939,0
5940,9
5941,5
5942,8
5943,0
5944,7
5945,3
5946,5
5947,0
5948,9
5949,7
5950,3
5951,0
5952,6
5953,5
5954,7
5955,8
5956,2
5957,3
5958,1
5959,9
5960,0
5961,2
5962,9
5963,1
5964,3
5965,4
5966,2
5967,3
5968,0
5969,6
5970,2
5971,4
5972,8
5973,6
5974,4
5975,9
5976,5
5977,6
5978,1
5979,8
5980,2
5981,4
5982,1
5983,6
5984,2
5985,9
5986,4
5987,3
5988,7
5989,9
5990,6
5991,3
5992,5
5993,4
5994,5
5995,9
5996,8
5997,5
5998,3
5999,0
6000,1
6001,2
6002,6
6003,4
6004,1
6005,9
6006,4
6007,4
6008,6
6009,5
6010,5
6011,4
6012,3
6013,2
6014,0
6015,1
6016,4
6017,9
6018,9
6019,7
6020,6
6021,1
6022,2
6023,6
6024,6
6025,2
6026,6
6027,2
6028,5
6029,9
6030,4
6031,8
6032,2
6033,6
6034,1
6035,5
6036,9
6037,6
6038,1
6039,8
6040,9
6041,3
6042,1
6043,7
6044,1
6045,1
6046,1
6047,9
6048,1
6049,3
6050,8
6051,9
6052,9
6053,1
6054,9
6055,6
6056,0
6057,5
6058,8
6059,5
6060,5
6061,5
6062,3
6063,8
6064,9
6065,0
6066,7
6067,8
6068,2
6069,9
6070,2
6071,0
6072,1
6073,5
6074,0
6075,7
6076,8
6077,0
6078,0
6079,9
6080,1
6081,1
6082,8
6083,2
6084,8
6085,7
6086,2
6087,0
6088,7
6089,2
6090,0
6091,0
6092,5
6093,1
6094,0
6095,8
6096,6
6097,3
6098,9
6099,2
6100,1
6101,9
6102,7
6103,4
6104,1
6105,3
6106,9
6107,2
6108,4
6109,0
6110,3
6111,7
6112,5
6113,1
6114,1
6115,9
6116,5
6117,1
6118,5
6119,4
6120,6
6121,6
6122,1
6123,5
6124,2
6125,1
6126,6
6127,6
6128,5
6129,7
6130,9
6131,4
6132,3
6133,4
6134,1
6135,7
6136,9
6137,0
6138,5
6139,7
6140,3
6141,3
6142,8
6143,4
6144,1
6145,8
6146,2
6147,7
6148,4
6149,4
6150,8
6151,9
6152,2
6153,9
6154,3
6155,2
6156,6
6157,1
6158,1
6159,0
6160,6
6161,1
6162,4
6163,9
6164,8
6165,5
6166,9
6167,1
6168,5
6169,0
6170,9
6171,3
6172,2
6173,1
6174,7
6175,4
6176,9
6177,8
6178,8
6179,9
6180,5
6181,5
6182,3
6183,8
6184,6
6185,0
6186,3
6187,6
6188,1
6189,1
6190,9
6191,0
6192,9
6193,7
6194,5
6195,3
6196,2
6197,9
6198,5
6199,5
6200,4
6201,6
6202,9
6203,9
6204,3
6205,0
6206,6
6207,4
6208,1
6209,7
6210,4
6211,9
6212,2
6213,8
6214,5
6215,8
6216,6
6217,0
6218,1
6219,3
6220,2
6221,2
6222,3
6223,6
6224,6
6225,0
6226,2
6227,8
6228,3
6229,2
6230,8
6231,6
6232,1
6233,8
6234,4
6235,5
6236,4
6237,2
6238,3
6239,9
6240,0
6241,6
6242,4
6243,2
6244,5
6245,4
6246,2
6247,7
6248,3
6249,7
6250,3
6251,3
6252,6
6253,9
6254,6
6255,8
6256,5
6257,6
6258,6
6259,3
6260,6
6261,7
6262,2
6263,5
6264,3
6265,1
6266,1
6267,9
6268,9
6269,5
6270,4
6271,2
6272,1
6273,6
6274,4
6275,5
6276,9
6277,2
6278,5
6279,5
6280,4
6281,3
6282,0
6283,9
6284,2
6285,2
6286,2
6287,3
6288,2
6289,4
6290,9
6291,2
6292,3
6293,0
6294,4
6295,2
6296,0
6297,4
6298,1
6299,3
6300,7
6301,2
6302,4
6303,2
6304,2
6305,3
6306,2
6307,3
6308,0
6309,8
6310,3
6311,5
6312,1
6313,2
6314,8
6315,8
6316,2
6317,1
6318,2
6319,1
6320,1
6321,9
6322,6
6323,5
6324,9
6325,0
6326,8
6327,0
6328,3
6329,6
6330,3
6331,8
6332,3
6333,7
6334,5
6335,6
6336,1
6337,1
6338,2
6339,0
6340,5
6341,5
6342,0
6343,1
6344,6
6345,5
6346,2
6347,8
6348,9
6349,7
6350,9
6351,1
6352,1
6353,3
6354,3
6355,5
6356,6
6357,7
6358,5
6359,9
6360,4
6361,9
6362,3
6363,6
6364,6
6365,2
6366,8
6367,5
6368,6
6369,5
6370,9
6371,8
6372,3
6373,8
6374,1
6375,3
6376,1
6377,3
6378,5
6379,6
6380,5
6381,4
6382,4
6383,9
6384,6
6385,7
6386,1
6387,4
6388,8
6389,3
6390,7
6391,7
6392,6
6393,7
6394,9
6395,4
6396,7
6397,7
6398,0
6399,1
6400,4
6401,1
6402,4
6403,8
6404,2
6405,4
6406,7
6407,6
6408,7
6409,1
6410,8
6411,7
6412,5
6413,1
6414,3
6415,1
6416,0
6417,3
6418,4
6419,5
6420,4
6421,8
6422,6
6423,3
6424,4
6425,9
6426,3
6427,1
6428,5
6429,3
6430,0
6431,7
6432,0
6433,6
6434,4
6435,5
6436,1
6437,6
6438,6
6439,2
6440,8
6441,8
6442,9
6443,8
6444,0
6445,7
6446,2
6447,4
6448,2
6449,5
6450,1
6451,9
6452,3
6453,3
6454,8
6455,7
6456,1
6457,8
6458,1
6459,2
6460,0
6461,9
6462,2
6463,4
6464,3
6465,4
6466,6
6467,1
6468,3
6469,5
6470,2
6471,9
6472,7
6473,5
6474,2
6475,7
6476,5
6477,5
6478,4
6479,4
6480,8
6481,0
6482,7
6483,0
6484,8
6485,4
6486,2
6487,1
6488,9
6489,7
6490,7
6491,3
6492,8
6493,0
6494,3
6495,0
6496,9
6497,8
6498,5
6499,6
6500,4
6501,8
6502,1
6503,5
6504,5
6505,7
6506,0
6507,1
6508,6
6509,1
6510,3
6511,2
6512,6
6513,4
6514,6
6515,1
6516,7
6517,6
6518,2
6519,2
6520,6
6521,1
6522,8
6523,2
6524,2
6525,6
6526,3
6527,0
6528,8
6529,8
6530,4
6531,6
6532,2
6533,0
6534,7
6535,0
6536,8
6537,9
6538,1
6539,6
6540,6
6541,7
6542,0
6543,8
6544,1
6545,8
6546,2
6547,4
6548,6
6549,7
6550,5
6551,7
6552,9
6553,9
6554,3
6555,9
6556,4
6557,4
6558,0
6559,4
6560,1
6561,4
6562,8
6563,4
6564,2
6565,8
6566,6
6567,2
6568,2
6569,9
6570,1
6571,8
6572,0
6573,6
6574,2
6575,6
6576,0
6577,3
6578,6
6579,6
6580,1
6581,3
6582,6
6583,3
6584,3
6585,1
6586,7
6587,8
6588,1
6589,0
6590,7
6591,6
6592,5
6593,6
6594,8
6595,2
6596,0
6597,5
6598,8
6599,7
6600,8
6601,4
6602,5
6603,9
6604,5
6605,5
6606,1
6607,2
6608,4
6609,7
6610,2
6611,9
6612,7
6613,8
6614,3
6615,7
6616,4
6617,6
6618,3
6619,8
6620,8
6621,4
6622,5
6623,1
6624,8
6625,2
6626,6
6627,2
6628,2
6629,9
6630,8
6631,9
6632,0
6633,2
6634,5
6635,9
6636,3
6637,5
6638,9
6639,8
6640,6
6641,3
6642,9
6643,5
6644,9
6645,3
6646,0
6647,8
6648,6
6649,6
6650,6
6651,3
6652,5
6653,8
6654,0
6655,0
6656,1
6657,8
6658,6
6659,9
6660,0
6661,0
6662,7
6663,6
6664,6
6665,8
6666,7
6667,6
6668,8
6669,8
6670,2
6671,0
6672,3
6673,6
6674,7
6675,1
6676,1
6677,7
6678,4
6679,0
6680,7
6681,1
6682,6
6683,5
6684,2
6685,0
6686,7
6687,9
6688,3
6689,3
6690,8
6691,2
6692,1
6693,1
6694,8
6695,8
6696,3
6697,5
6698,7
6699,5
6700,6
6701,9
6702,4
6703,3
6704,9
6705,3
6706,8
6707,9
6708,0
6709,4
6710,0
6711,4
6712,5
6713,7
6714,0
6715,4
6716,3
6717,9
6718,5
6719,7
6720,2
6721,2
6722,5
6723,8
6724,3
6725,1
6726,3
6727,5
6728,4
6729,9
6730,4
6731,3
6732,9
6733,9
6734,2
6735,0
6736,8
6737,0
6738,9
6739,1
6740,9
6741,9
6742,6
6743,7
6744,1
6745,4
6746,5
6747,0
6748,3
6749,8
6750,7
6751,4
6752,5
6753,5
6754,9
6755,3
6756,2
6757,0
6758,0
6759,9
6760,0
6761,5
6762,0
6763,1
6764,3
6765,7
6766,9
6767,1
6768,5
6769,9
6770,4
6771,0
6772,9
6773,7
6774,2
6775,9
6776,2
6777,1
6778,2
6779,7
6780,5
6781,1
6782,0
6783,7
6784,3
6785,4
6786,7
6787,6
6788,4
6789,6
6790,8
6791,5
6792,7
6793,9
6794,5
6795,7
6796,3
6797,2
6798,3
6799,9
6800,3
6801,4
6802,1
6803,5
6804,6
6805,9
6806,7
6807,4
6808,0
6809,6
6810,5
6811,8
6812,0
6813,7
6814,7
6815,3
6816,2
6817,0
6818,4
6819,8
6820,2
6821,0
6822,6
6823,9
6824,8
6825,9
6826,0
6827,5
6828,0
6829,4
6830,0
6831,2
6832,6
6833,3
6834,1
6835,8
6836,7
6837,4
6838,1
6839,9
6840,1
6841,2
6842,8
6843,5
6844,6
6845,3
6846,0
6847,0
6848,2
6849,6
6850,0
6851,7
6852,2
6853,1
6854,8
6855,2
6856,8
6857,7
6858,9
6859,4
6860,1
6861,2
6862,5
6863,7
6864,7
6865,3
6866,2
6867,5
6868,9
6869,3
6870,6
6871,7
6872,3
6873,2
6874,2
6875,9
6876,6
6877,7
6878,3
6879,9
6880,1
6881,2
6882,1
6883,9
6884,7
6885,2
6886,3
6887,3
6888,8
6889,1
6890,8
6891,3
6892,5
6893,0
6894,5
6895,3
6896,8
6897,5
6898,7
6899,4
6900,9
6901,0
6902,6
6903,8
6904,3
6905,2
6906,3
6907,3
6908,4
6909,3
6910,7
6911,8
6912,7
6913,1
6914,3
6915,7
6916,8
6917,9
6918,5
6919,5
6920,2
6921,2
6922,4
6923,5
6924,0
6925,8
6926,6
6927,3
6928,4
6929,0
6930,8
6931,8
6932,9
6933,6
6934,9
6935,1
6936,5
6937,1
6938,2
6939,1
6940,3
6941,2
6942,2
6943,2
6944,4
6945,5
6946,7
6947,5
6948,9
6949,2
6950,0
6951,5
6952,7
6953,0
6954,5
6955,6
6956,5
6957,6
6958,6
6959,4
6960,0
6961,7
6962,1
6963,5
6964,2
6965,9
6966,8
6967,1
6968,7
6969,6
6970,4
6971,4
6972,0
6973,7
6974,1
6975,8
6976,5
6977,7
6978,8
6979,5
6980,5
6981,1
6982,8
6983,5
6984,7
6985,7
6986,7
6987,6
6988,5
6989,2
6990,2
6991,1
6992,2
6993,4
6994,4
6995,1
6996,6
6997,3
6998,9
6999,1
7000,8
7001,2
7002,3
7003,7
7004,6
7005,9
7006,5
7007,7
7008,4
7009,3
7010,9
7011,5
7012,6
7013,2
7014,2
7015,7
7016,3
7017,9
7018,3
7019,0
7020,5
7021,9
7022,0
7023,9
7024,6
7025,6
7026,6
7027,5
7028,9
7029,1
7030,6
7031,5
7032,2
7033,0
7034,2
7035,3
7036,1
7037,1
7038,1
7039,7
7040,6
7041,2
7042,6
7043,5
7044,9
7045,8
7046,7
7047,9
7048,3
7049,4
7050,7
7051,9
7052,2
7053,0
7054,1
7055,1
7056,1
7057,4
7058,8
7059,0
7060,8
7061,0
7062,9
7063,5
7064,6
7065,7
7066,0
7067,8
7068,4
7069,4
7070,4
7071,2
7072,2
7073,2
7074,5
7075,7
7076,2
7077,9
7078,7
7079,2
7080,2
7081,2
7082,0
7083,7
7084,4
7085,5
7086,2
7087,3
7088,3
7089,1
7090,9
7091,8
7092,1
7093,8
7094,6
7095,6
7096,3
7097,9
7098,1
7099,9
7100,7
7101,2
7102,9
7103,2
7104,9
7105,3
7106,0
7107,4
7108,2
7109,3
7110,4
7111,6
7112,6
7113,9
7114,6
7115,1
7116,1
7117,0
7118,5
7119,6
7120,7
7121,0
7122,4
7123,1
7124,1
7125,9
7126,0
7127,0
7128,1
7129,9
7130,4
7131,7
7132,3
7133,5
7134,4
7135,1
7136,2
7137,0
7138,2
7139,0
7140,3
7141,0
7142,2
7143,3
7144,5
7145,9
7146,5
7147,8
7148,9
7149,3
7150,1
7151,7
7152,8
7153,9
7154,4
7155,1
7156,1
7157,9
7158,0
7159,7
7160,0
7161,0
7162,9
7163,6
7164,0
7165,2
7166,9
7167,3
7168,8
7169,5
7170,5
7171,9
7172,3
7173,3
7174,5
7175,7
7176,1
7177,3
7178,3
7179,3
7180,5
7181,6
7182,6
7183,4
7184,1
7185,1
7186,9
7187,1
7188,6
7189,0
7190,6
7191,2
7192,2
7193,6
7194,6
7195,0
7196,3
7197,5
7198,0
7199,3
7200,0
7201,5
7202,1
7203,1
7204,8
7205,2
7206,5
7207,3
7208,5
7209,1
7210,4
7211,4
7212,3
7213,1
7214,2
7215,7
7216,9
7217,6
7218,3
7219,8
7220,5
7221,6
7222,6
7223,9
7224,1
7225,5
7226,7
7227,7
7228,4
7229,2
7230,2
7231,7
7232,5
7233,6
7234,1
7235,5
7236,7
7237,7
7238,8
7239,2
7240,8
7241,3
7242,7
7243,4
7244,6
7245,2
7246,9
7247,9
7248,0
7249,0
7250,7
7251,3
7252,1
7253,0
7254,8
7255,2
7256,4
7257,4
7258,4
7259,7
7260,1
7261,8
7262,6
7263,0
7264,3
7265,4
7266,0
7267,3
7268,9
7269,8
7270,0
7271,0
7272,8
7273,3
7274,9
7275,2
7276,1
7277,5
7278,4
7279,5
7280,0
7281,8
7282,4
7283,2
7284,5
7285,9
7286,3
7287,0
7288,2
7289,7
7290,8
7291,5
7292,9
7293,5
7294,0
7295,0
7296,6
7297,9
7298,7
7299,2
7300,9
7301,2
7302,2
7303,6
7304,4
7305,0
7306,1
7307,4
7308,3
7309,9
7310,4
7311,0
7312,3
7313,4
7314,4
7315,6
7316,9
7317,4
7318,7
7319,6
7320,5
7321,4
7322,3
7323,4
7324,5
7325,7
7326,0
7327,2
7328,1
7329,1
7330,8
7331,7
7332,3
7333,2
7334,6
7335,5
7336,2
7337,3
7338,8
7339,8
7340,8
7341,9
7342,3
7343,6
7344,9
7345,6
7346,0
7347,3
7348,6
7349,4
7350,2
7351,8
7352,8
7353,5
7354,9
7355,2
7356,7
7357,1
7358,9
7359,0
7360,3
7361,3
7362,3
7363,2
7364,3
7365,9
7366,9
7367,5
7368,3
7369,0
7370,4
7371,2
7372,4
7373,6
7374,4
7375,5
7376,3
7377,4
7378,9
7379,8
7380,5
7381,8
7382,3
7383,4
7384,1
7385,4
7386,8
7387,9
7388,2
7389,6
7390,2
7391,3
7392,5
7393,0
7394,3
7395,5
7396,2
7397,5
7398,3
7399,9
7400,1
7401,2
7402,9
7403,8
7404,9
7405,3
7406,8
7407,8
7408,5
7409,5
7410,8
7411,4
7412,4
7413,0
7414,8
7415,3
7416,6
7417,4
7418,9
7419,6
7420,1
7421,0
7422,5
7423,1
7424,4
7425,0
7426,9
7427,2
7428,6
7429,3
7430,6
7431,7
7432,4
7433,6
7434,4
7435,3
7436,8
7437,5
7438,1
7439,8
7440,3
7441,4
7442,2
7443,5
7444,6
7445,0
7446,7
7447,8
7448,7
7449,4
7450,4
7451,2
7452,2
7453,9
7454,3
7455,5
7456,0
7457,9
7458,9
7459,0
7460,1
7461,3
7462,7
7463,1
7464,7
7465,6
7466,5
7467,2
7468,6
7469,9
7470,5
7471,7
7472,9
7473,4
7474,2
7475,8
7476,3
7477,1
7478,7
7479,8
7480,8
7481,6
7482,8
7483,0
7484,5
7485,5
7486,7
7487,1
7488,9
7489,6
7490,2
7491,1
7492,5
7493,1
7494,9
7495,6
7496,1
7497,6
7498,3
7499,2
7500,5
7501,3
7502,9
7503,3
7504,5
7505,4
7506,0
7507,6
7508,9
7509,5
7510,4
7511,2
7512,3
7513,8
7514,5
7515,8
7516,3
7517,6
7518,4
7519,1
7520,4
7521,9
7522,5
7523,8
7524,9
7525,7
7526,3
7527,6
7528,9
7529,5
7530,9
7531,1
7532,1
7533,1
7534,8
7535,4
7536,1
7537,4
7538,6
7539,9
7540,9
7541,8
7542,9
7543,7
7544,4
7545,4
7546,1
7547,9
7548,9
7549,1
7550,9
7551,3
7552,2
7553,3
7554,7
7555,1
7556,1
7557,3
7558,6
7559,8
7560,3
7561,4
7562,3
7563,3
7564,8
7565,3
7566,7
7567,1
7568,3
7569,3
7570,8
7571,4
7572,7
7573,9
7574,8
7575,0
7576,3
7577,0
7578,4
7579,5
7580,7
7581,6
7582,7
7583,2
7584,9
7585,0
7586,2
7587,3
7588,3
7589,3
7590,0
7591,0
7592,4
7593,4
7594,4
7595,4
7596,4
7597,9
7598,9
7599,0
7600,7
7601,4
7602,0
7603,2
7604,2
7605,1
7606,9
7607,5
7608,9
7609,9
7610,0
7611,5
7612,8
7613,6
7614,7
7615,3
7616,9
7617,5
7618,2
7619,8
7620,9
7621,5
7622,8
7623,0
7624,0
7625,3
7626,0
7627,6
7628,3
7629,7
7630,8
7631,0
7632,1
7633,2
7634,2
7635,3
7636,1
7637,1
7638,3
7639,2
7640,2
7641,5
7642,4
7643,3
7644,9
7645,3
7646,3
7647,2
7648,3
7649,7
7650,2
7651,9
7652,2
7653,1
7654,4
7655,7
7656,5
7657,5
7658,9
7659,2
7660,6
7661,9
7662,7
7663,9
7664,7
7665,4
7666,1
7667,8
7668,3
7669,3
7670,8
7671,0
7672,8
7673,7
7674,0
7675,7
7676,7
7677,9
7678,6
7679,3
7680,0
7681,3
7682,7
7683,4
7684,1
7685,5
7686,2
7687,0
7688,5
7689,8
7690,6
7691,7
7692,0
7693,1
7694,0
7695,5
7696,6
7697,2
7698,1
7699,4
7700,1
7701,8
7702,7
7703,9
7704,9
7705,7
7706,3
7707,2
7708,2
7709,4
7710,7
7711,6
7712,3
7713,9
7714,6
7715,3
7716,9
7717,5
7718,1
7719,6
7720,9
7721,2
7722,7
7723,4
7724,3
7725,5
7726,7
7727,2
7728,7
7729,2
7730,8
7731,7
7732,5
7733,4
7734,5
7735,9
7736,4
7737,3
7738,5
7739,0
7740,2
7741,5
7742,5
7743,3
7744,1
7745,9
7746,3
7747,7
7748,1
7749,0
7750,3
7751,4
7752,4
7753,2
7754,5
7755,7
7756,2
7757,1
7758,1
7759,7
7760,7
7761,9
7762,0
7763,1
7764,6
7765,8
7766,5
7767,2
7768,5
7769,3
7770,7
7771,8
7772,7
7773,7
7774,0
7775,8
7776,5
7777,6
7778,6
7779,7
7780,5
7781,6
7782,7
7783,7
7784,9
7785,7
7786,1
7787,0
7788,0
7789,8
7790,0
7791,4
7792,0
7793,6
7794,4
7795,5
7796,5
7797,0
7798,5
7799,3
7800,2
7801,4
7802,5
7803,0
7804,7
7805,1
7806,8
7807,7
7808,1
7809,2
7810,2
7811,0
7812,6
7813,7
7814,3
7815,7
7816,4
7817,8
7818,6
7819,3
7820,9
7821,4
7822,0
7823,3
7824,0
7825,8
7826,7
7827,3
7828,3
7829,0
7830,5
7831,0
7832,1
7833,5
7834,0
7835,9
7836,9
7837,1
7838,3
7839,0
7840,6
7841,1
7842,6
7843,6
7844,5
7845,7
7846,2
7847,4
7848,0
7849,9
7850,2
7851,6
7852,8
7853,2
7854,8
7855,3
7856,7
7857,7
7858,3
7859,3
7860,9
7861,5
7862,7
7863,0
7864,0
7865,9
7866,4
7867,5
7868,0
7869,7
7870,2
7871,9
7872,5
7873,5
7874,8
7875,7
7876,1
7877,9
7878,5
7879,6
7880,3
7881,6
7882,3
7883,0
7884,2
7885,7
7886,6
7887,4
7888,2
7889,5
7890,4
7891,1
7892,5
7893,7
7894,9
7895,7
7896,3
7897,9
7898,8
7899,6
7900,5
7901,1
7902,9
7903,6
7904,1
7905,6
7906,6
7907,8
7908,0
7909,7
7910,6
7911,9
7912,8
7913,8
7914,4
7915,4
7916,4
7917,1
7918,7
7919,7
7920,1
7921,1
7922,6
7923,7
7924,0
7925,3
7926,2
7927,8
7928,7
7929,8
7930,7
7931,9
7932,1
7933,1
7934,3
7935,8
7936,7
7937,5
7938,9
7939,1
7940,0
7941,6
7942,3
7943,4
7944,4
7945,4
7946,7
7947,1
7948,2
7949,0
7950,1
7951,5
7952,4
7953,4
7954,9
7955,2
7956,4
7957,2
7958,2
7959,0
7960,7
7961,7
7962,6
7963,7
7964,1
7965,4
7966,0
7967,8
7968,3
7969,3
7970,5
7971,6
7972,0
7973,8
7974,3
7975,0
7976,4
7977,0
7978,1
7979,8
7980,4
7981,0
7982,2
7983,9
7984,5
7985,4
7986,3
7987,5
7988,2
7989,1
7990,6
7991,4
7992,6
7993,5
7994,8
7995,0
7996,7
7997,3
7998,2
7999,6
8000,7
8001,2
8002,2
8003,3
8004,6
8005,6
8006,2
8007,0
8008,3
8009,6
8010,5
8011,1
8012,7
8013,5
8014,2
8015,5
8016,7
8017,7
8018,9
8019,9
8020,9
8021,2
8022,0
8023,9
8024,2
8025,0
8026,5
8027,5
8028,5
8029,0
8030,5
8031,6
8032,6
8033,0
8034,0
8035,6
8036,9
8037,9
8038,2
8039,4
8040,5
8041,4
8042,0
8043,1
8044,0
8045,8
8046,9
8047,5
8048,7
8049,0
8050,0
8051,2
8052,4
8053,1
8054,3
8055,8
8056,1
8057,8
8058,2
8059,0
8060,6
8061,9
8062,8
8063,5
8064,1
8065,2
8066,4
8067,0
8068,9
8069,0
8070,8
8071,8
8072,0
8073,7
8074,1
8075,6
8076,9
8077,8
8078,9
8079,9
8080,4
8081,9
8082,6
8083,3
8084,3
8085,4
8086,5
8087,0
8088,8
8089,0
8090,4
8091,0
8092,3
8093,0
8094,0
8095,0
8096,3
8097,3
8098,5
8099,9
8100,4
8101,7
8102,1
8103,5
8104,4
8105,1
8106,6
8107,1
8108,7
8109,9
8110,4
8111,3
8112,4
8113,5
8114,2
8115,9
8116,4
8117,9
8118,8
8119,8
8120,7
8121,4
8122,2
8123,3
8124,9
8125,3
8126,6
8127,7
8128,0
8129,4
8130,7
8131,0
8132,6
8133,1
8134,0
8135,5
8136,7
8137,0
8138,5
8139,9
8140,4
8141,3
8142,2
8143,8
8144,5
8145,8
8146,1
8147,9
8148,6
8149,7
8150,6
8151,7
8152,3
8153,6
8154,4
8155,5
8156,1
8157,8
8158,8
8159,8
8160,7
8161,4
8162,6
8163,5
8164,1
8165,5
8166,9
8167,6
8168,0
8169,9
8170,5
8171,8
8172,5
8173,7
8174,3
8175,9
8176,8
8177,3
8178,4
8179,6
8180,5
8181,7
8182,5
8183,1
8184,1
8185,5
8186,4
8187,1
8188,8
8189,5
8190,8
8191,2
8192,9
8193,6
8194,3
8195,3
8196,4
8197,0
8198,2
8199,4
8200,1
8201,1
8202,6
8203,7
8204,3
8205,9
8206,0
8207,2
8208,8
8209,8
8210,8
8211,6
8212,7
8213,7
8214,1
8215,2
8216,6
8217,6
8218,1
8219,6
8220,0
8221,2
8222,5
8223,8
8224,2
8225,4
8226,2
8227,3
8228,1
8229,5
8230,5
8231,4
8232,4
8233,0
8234,5
8235,4
8236,7
8237,0
8238,3
8239,4
8240,5
8241,5
8242,7
8243,5
8244,7
8245,0
8246,1
8247,1
8248,9
8249,7
8250,5
8251,0
8252,1
8253,9
8254,6
8255,3
8256,6
8257,5
8258,4
8259,3
8260,6
8261,5
8262,7
8263,6
8264,2
8265,2
8266,0
8267,5
8268,6
8269,6
8270,3
8271,7
8272,8
8273,6
8274,2
8275,6
8276,1
8277,1
8278,7
8279,5
8280,2
8281,5
8282,3
8283,4
8284,8
8285,5
8286,8
8287,8
8288,6
8289,1
8290,2
8291,3
8292,5
8293,6
8294,9
8295,0
8296,4
8297,5
8298,6
8299,3
8300,4
8301,9
8302,5
8303,5
8304,9
8305,4
8306,6
8307,4
8308,1
8309,1
8310,8
8311,9
8312,4
8313,4
8314,2
8315,3
8316,3
8317,0
8318,7
8319,1
8320,8
8321,8
8322,5
8323,0
8324,0
8325,7
8326,7
8327,1
8328,0
8329,1
8330,4
8331,1
8332,9
8333,0
8334,4
8335,1
8336,1
8337,0
8338,7
8339,3
8340,7
8341,3
8342,9
8343,0
8344,1
8345,8
8346,9
8347,0
8348,0
8349,6
8350,0
8351,9
8352,1
8353,6
8354,1
8355,2
8356,7
8357,8
8358,0
8359,5
8360,6
8361,8
8362,2
8363,5
8364,5
8365,1
8366,5
8367,9
8368,1
8369,8
8370,5
8371,3
8372,1
8373,6
8374,6
8375,0
8376,7
8377,3
8378,5
8379,4
8380,8
8381,0
8382,7
8383,1
8384,6
8385,3
8386,9
8387,8
8388,3
8389,8
8390,7
8391,7
8392,9
8393,7
8394,0
8395,9
8396,4
8397,0
8398,9
8399,6
8400,1
8401,9
8402,8
8403,6
8404,3
8405,7
8406,4
8407,9
8408,5
8409,4
8410,7
8411,1
8412,2
8413,1
8414,2
8415,3
8416,9
8417,2
8418,0
8419,5
8420,0
8421,0
8422,5
8423,5
8424,4
8425,0
8426,9
8427,9
8428,1
8429,6
8430,7
8431,7
8432,7
8433,4
8434,5
8435,1
8436,2
8437,0
8438,6
8439,3
8440,8
8441,9
8442,8
8443,4
8444,1
8445,0
8446,8
8447,3
8448,9
8449,8
8450,8
8451,7
8452,8
8453,3
8454,0
8455,0
8456,7
8457,4
8458,8
8459,6
8460,9
8461,9
8462,4
8463,5
8464,7
8465,2
8466,2
8467,1
8468,5
8469,3
8470,4
8471,3
8472,5
8473,5
8474,0
8475,8
8476,4
8477,7
8478,8
8479,9
8480,4
8481,2
8482,1
8483,7
8484,4
8485,4
8486,4
8487,9
8488,4
8489,3
8490,6
8491,0
8492,7
8493,7
8494,8
8495,0
8496,9
8497,1
8498,2
8499,6
8500,2
8501,9
8502,7
8503,1
8504,9
8505,7
8506,3
8507,3
8508,1
8509,2
8510,3
8511,5
8512,4
8513,3
8514,7
8515,4
8516,1
8517,4
8518,6
8519,6
8520,7
8521,5
8522,4
8523,6
8524,7
8525,9
8526,8
8527,1
8528,8
8529,1
8530,2
8531,2
8532,7
8533,5
8534,6
8535,1
8536,4
8537,6
8538,6
8539,1
8540,2
8541,0
8542,7
8543,6
8544,8
8545,8
8546,2
8547,8
8548,4
8549,5
8550,0
8551,0
8552,1
8553,7
8554,9
8555,7
8556,4
8557,9
8558,4
8559,0
8560,2
8561,8
8562,7
8563,1
8564,0
8565,8
8566,7
8567,6
8568,8
8569,4
8570,8
8571,2
8572,8
8573,0
8574,1
8575,5
8576,3
8577,8
8578,1
8579,7
8580,4
8581,9
8582,3
8583,7
8584,9
8585,5
8586,1
8587,8
8588,3
8589,0
8590,9
8591,0
8592,0
8593,2
8594,4
8595,2
8596,7
8597,6
8598,6
8599,9
8600,8
8601,8
8602,1
8603,5
8604,7
8605,7
8606,1
8607,9
8608,5
8609,4
8610,1
8611,0
8612,7
8613,8
8614,7
8615,3
8616,7
8617,6
8618,0
8619,5
8620,5
8621,4
8622,6
8623,7
8624,2
8625,6
8626,3
8627,2
8628,0
8629,4
8630,7
8631,8
8632,6
8633,6
8634,0
8635,1
8636,5
8637,3
8638,8
8639,3
8640,9
8641,7
8642,1
8643,7
8644,1
8645,0
8646,3
8647,8
8648,5
8649,0
8650,0
8651,6
8652,4
8653,1
8654,1
8655,2
8656,9
8657,0
8658,6
8659,2
8660,1
8661,3
8662,2
8663,7
8664,6
8665,1
8666,8
8667,5
8668,7
8669,2
8670,0
8671,5
8672,0
8673,4
8674,6
8675,2
8676,2
8677,5
8678,4
8679,1
8680,8
8681,2
8682,1
8683,5
8684,3
8685,8
8686,8
8687,9
8688,5
8689,0
8690,1
8691,8
8692,1
8693,4
8694,9
8695,0
8696,3
8697,1
8698,1
8699,4
8700,7
8701,8
8702,3
8703,4
8704,9
8705,0
8706,6
8707,8
8708,3
8709,8
8710,2
8711,9
8712,4
8713,7
8714,7
8715,0
8716,3
8717,0
8718,2
8719,5
8720,7
8721,3
8722,7
8723,4
8724,6
8725,0
8726,9
8727,3
8728,0
8729,5
8730,4
8731,1
8732,2
8733,1
8734,8
8735,1
8736,9
8737,4
8738,8
8739,9
8740,9
8741,3
8742,3
8743,7
8744,0
8745,6
8746,6
8747,1
8748,6
8749,6
8750,6
8751,4
8752,2
8753,2
8754,7
8755,0
8756,6
8757,6
8758,2
8759,0
8760,0
8761,1
8762,6
8763,6
8764,4
8765,5
8766,7
8767,9
8768,1
8769,6
8770,3
8771,7
8772,5
8773,1
8774,2
8775,7
8776,7
8777,5
8778,8
8779,0
8780,9
8781,1
8782,0
8783,1
8784,6
8785,9
8786,1
8787,6
8788,5
8789,3
8790,3
8791,0
8792,7
8793,1
8794,2
8795,7
8796,9
8797,3
8798,7
8799,6
8800,4
8801,4
8802,6
8803,7
8804,4
8805,7
8806,3
8807,1
8808,7
8809,8
8810,8
8811,7
8812,0
8813,1
8814,4
8815,0
8816,9
8817,7
8818,7
8819,9
8820,1
8821,2
8822,0
8823,4
8824,7
8825,4
8826,3
8827,4
8828,1
8829,7
8830,5
8831,7
8832,6
8833,9
8834,6
8835,0
8836,3
8837,1
8838,4
8839,7
8840,9
8841,3
8842,6
8843,7
8844,8
8845,4
8846,7
8847,4
8848,0
8849,8
8850,3
8851,0
8852,1
8853,7
8854,9
8855,6
8856,9
8857,1
8858,6
8859,6
8860,7
8861,1
8862,0
8863,6
8864,3
8865,7
8866,3
8867,1
8868,8
8869,6
8870,5
8871,9
8872,5
8873,8
8874,1
8875,0
8876,9
8877,0
8878,6
8879,2
8880,1
8881,1
8882,4
8883,7
8884,3
8885,0
8886,7
8887,5
8888,8
8889,9
8890,5
8891,4
8892,0
8893,4
8894,7
8895,2
8896,3
8897,8
8898,3
8899,8
8900,1
8901,1
8902,2
8903,4
8904,8
8905,1
8906,6
8907,8
8908,1
8909,8
8910,5
8911,3
8912,2
8913,7
8914,2
8915,2
8916,4
8917,9
8918,6
8919,2
8920,4
8921,9
8922,9
8923,6
8924,9
8925,9
8926,6
8927,7
8928,3
8929,4
8930,3
8931,3
8932,9
8933,6
8934,7
8935,7
8936,8
8937,1
8938,1
8939,0
8940,6
8941,5
8942,7
8943,9
8944,4
8945,7
8946,6
8947,7
8948,0
8949,2
8950,2
8951,9
8952,9
8953,7
8954,7
8955,5
8956,0
8957,1
8958,6
8959,3
8960,4
8961,6
8962,2
8963,0
8964,9
8965,8
8966,7
8967,8
8968,4
8969,4
8970,8
8971,9
8972,7
8973,1
8974,6
8975,7
8976,9
8977,9
8978,0
8979,1
8980,5
8981,1
8982,1
8983,3
8984,6
8985,7
8986,9
8987,8
8988,3
8989,3
8990,8
8991,5
8992,2
8993,4
8994,3
8995,6
8996,8
8997,6
8998,9
8999,0
9000,6
9001,9
9002,0
9003,1
9004,6
9005,8
9006,1
9007,8
9008,2
9009,1
9010,8
9011,1
9012,7
9013,1
9014,9
9015,1
9016,8
9017,3
9018,9
9019,4
9020,1
9021,0
9022,8
9023,4
9024,4
9025,6
9026,8
9027,2
9028,2
9029,5
9030,5
9031,0
9032,6
9033,4
9034,9
9035,8
9036,0
9037,1
9038,0
9039,0
9040,4
9041,8
9042,3
9043,4
9044,7
9045,7
9046,5
9047,9
9048,2
9049,5
9050,4
9051,4
9052,9
9053,9
9054,4
9055,8
9056,7
9057,6
9058,9
9059,3
9060,4
9061,6
9062,4
9063,8
9064,0
9065,1
9066,9
9067,2
9068,1
9069,6
9070,7
9071,1
9072,8
9073,5
9074,0
9075,4
9076,6
9077,4
9078,1
9079,1
9080,9
9081,8
9082,8
9083,9
9084,1
9085,2
9086,6
9087,6
9088,5
9089,2
9090,5
9091,6
9092,8
9093,3
9094,0
9095,1
9096,8
9097,6
9098,1
9099,5
9100,0
9101,3
9102,3
9103,1
9104,9
9105,2
9106,8
9107,7
9108,8
9109,2
9110,3
9111,6
9112,2
9113,5
9114,0
9115,9
9116,0
9117,7
9118,1
9119,1
9120,7
9121,9
9122,6
9123,1
9124,6
9125,7
9126,5
9127,4
9128,6
9129,3
9130,3
9131,6
9132,1
9133,0
9134,0
9135,9
9136,9
9137,8
9138,2
9139,9
9140,0
9141,2
9142,5
9143,4
9144,7
9145,2
9146,0
9147,5
9148,6
9149,6
9150,9
9151,3
9152,7
9153,0
9154,6
9155,3
9156,5
9157,3
9158,4
9159,3
9160,4
9161,6
9162,9
9163,8
9164,8
9165,3
9166,2
9167,0
9168,0
9169,3
9170,9
9171,2
9172,2
9173,8
9174,1
9175,9
9176,2
9177,4
9178,9
9179,3
9180,6
9181,2
9182,0
9183,6
9184,7
9185,0
9186,5
9187,0
9188,6
9189,3
9190,1
9191,3
9192,0
9193,9
9194,5
9195,4
9196,3
9197,7
9198,0
9199,6
9200,2
9201,9
9202,0
9203,7
9204,6
9205,5
9206,6
9207,8
9208,2
9209,1
9210,0
9211,6
9212,6
9213,5
9214,9
9215,3
9216,5
9217,0
9218,6
9219,0
9220,7
9221,4
9222,6
9223,8
9224,3
9225,6
9226,8
9227,6
9228,3
9229,8
9230,9
9231,4
9232,0
9233,8
9234,8
9235,3
9236,8
9237,2
9238,7
9239,7
9240,0
9241,3
9242,6
9243,8
9244,1
9245,5
9246,9
9247,6
9248,2
9249,8
9250,9
9251,4
9252,1
9253,0
9254,5
9255,5
9256,2
9257,2
9258,8
9259,2
9260,3
9261,6
9262,7
9263,2
9264,5
9265,3
9266,7
9267,4
9268,5
9269,8
9270,8
9271,3
9272,9
9273,5
9274,0
9275,6
9276,2
9277,6
9278,3
9279,6
9280,6
9281,9
9282,2
9283,5
9284,6
9285,5
9286,6
9287,3
9288,1
9289,7
9290,8
9291,6
9292,4
9293,7
9294,3
9295,3
9296,8
9297,6
9298,0
9299,9
9300,2
9301,8
9302,5
9303,4
9304,9
9305,6
9306,6
9307,4
9308,0
9309,0
9310,1
9311,1
9312,9
9313,3
9314,8
9315,2
9316,1
9317,9
9318,5
9319,8
9320,4
9321,8
9322,2
9323,3
9324,5
9325,2
9326,6
9327,4
9328,9
9329,2
9330,6
9331,2
9332,9
9333,8
9334,0
9335,5
9336,9
9337,2
9338,4
9339,5
9340,2
9341,1
9342,0
9343,7
9344,4
9345,4
9346,2
9347,7
9348,4
9349,0
9350,6
9351,6
9352,1
9353,5
9354,4
9355,0
9356,1
9357,9
9358,9
9359,5
9360,6
9361,5
9362,2
9363,9
9364,6
9365,6
9366,4
9367,5
9368,4
9369,8
9370,9
9371,0
9372,9
9373,5
9374,5
9375,5
9376,7
9377,9
9378,3
9379,3
9380,8
9381,4
9382,3
9383,9
9384,3
9385,1
9386,0
9387,2
9388,5
9389,2
9390,8
9391,7
9392,9
9393,7
9394,7
9395,7
9396,9
9397,2
9398,0
9399,0
9400,6
9401,7
9402,6
9403,1
9404,8
9405,6
9406,3
9407,8
9408,5
9409,0
9410,5
9411,6
9412,9
9413,1
9414,1
9415,2
9416,6
9417,8
9418,9
9419,7
9420,7
9421,5
9422,8
9423,6
9424,1
9425,4
9426,0
9427,1
9428,8
9429,4
9430,3
9431,4
9432,7
9433,9
9434,3
9435,7
9436,5
9437,5
9438,0
9439,9
9440,1
9441,2
9442,1
9443,2
9444,7
9445,6
9446,0
9447,9
9448,3
9449,0
9450,1
9451,1
9452,7
9453,8
9454,1
9455,6
9456,5
9457,9
9458,0
9459,0
9460,9
9461,5
9462,3
9463,8
9464,8
9465,2
9466,8
9467,5
9468,7
9469,0
9470,7
9471,0
9472,9
9473,6
9474,9
9475,2
9476,9
9477,4
9478,8
9479,5
9480,2
9481,0
9482,1
9483,6
9484,6
9485,1
9486,7
9487,3
9488,1
9489,7
9490,7
9491,8
9492,5
9493,7
9494,0
9495,6
9496,4
9497,2
9498,1
9499,6
9500,8
9501,0
9502,0
9503,2
9504,7
9505,5
9506,9
9507,1
9508,0
9509,4
9510,3
9511,7
9512,6
9513,6
9514,3
9515,1
9516,8
9517,4
9518,7
9519,2
9520,5
9521,7
9522,3
9523,1
9524,8
9525,1
9526,9
9527,2
9528,9
9529,6
9530,2
9531,2
9532,1
9533,8
9534,3
9535,9
9536,8
9537,2
9538,0
9539,4
9540,8
9541,4
9542,5
9543,1
9544,2
9545,2
9546,6
9547,4
9548,1
9549,8
9550,5
9551,7
9552,7
9553,7
9554,3
9555,5
9556,5
9557,7
9558,9
9559,9
9560,8
9561,2
9562,8
9563,2
9564,1
9565,3
9566,3
9567,4
9568,8
9569,9
9570,4
9571,0
9572,7
9573,3
9574,2
9575,8
9576,1
9577,2
9578,6
9579,1
9580,0
9581,5
9582,2
9583,9
9584,7
9585,2
9586,8
9587,7
9588,3
9589,7
9590,8
9591,1
9592,2
9593,1
9594,7
9595,4
9596,8
9597,8
9598,5
9599,0
9600,2
9601,3
9602,6
9603,1
9604,2
9605,6
9606,5
9607,0
9608,1
9609,5
9610,5
9611,2
9612,5
9613,1
9614,9
9615,8
9616,7
9617,1
9618,2
9619,7
9620,0
9621,9
9622,3
9623,1
9624,9
9625,0
9626,4
9627,6
9628,6
9629,5
9630,9
9631,9
9632,4
9633,2
9634,7
9635,1
9636,8
9637,1
9638,4
9639,2
9640,3
9641,7
9642,8
9643,4
9644,6
9645,4
9646,5
9647,1
9648,2
9649,9
9650,3
9651,5
9652,8
9653,0
9654,1
9655,9
9656,6
9657,7
9658,3
9659,7
9660,4
9661,4
9662,3
9663,6
9664,2
9665,1
9666,1
9667,4
9668,0
9669,7
9670,0
9671,5
9672,9
9673,8
9674,9
9675,3
9676,7
9677,9
9678,9
9679,4
9680,8
9681,8
9682,0
9683,1
9684,6
9685,4
9686,0
9687,6
9688,8
9689,1
9690,4
9691,1
9692,3
9693,3
9694,2
9695,7
9696,8
9697,7
9698,0
9699,4
9700,3
9701,4
9702,4
9703,5
9704,7
9705,9
9706,2
9707,5
9708,2
9709,4
9710,5
9711,0
9712,1
9713,7
9714,6
9715,7
9716,6
9717,0
9718,0
9719,0
9720,5
9721,1
9722,1
9723,2
9724,3
9725,6
9726,9
9727,8
9728,1
9729,6
9730,1
9731,6
9732,8
9733,5
9734,4
9735,0
9736,4
9737,0
9738,4
9739,9
9740,3
9741,8
9742,5
9743,2
9744,8
9745,6
9746,2
9747,8
9748,0
9749,4
9750,4
9751,0
9752,8
9753,7
9754,5
9755,2
9756,8
9757,9
9758,2
9759,9
9760,5
9761,9
9762,2
9763,1
9764,0
9765,4
9766,1
9767,7
9768,7
9769,1
9770,7
9771,3
9772,5
9773,8
9774,7
9775,2
9776,5
9777,1
9778,5
9779,2
9780,0
9781,6
9782,0
9783,1
9784,2
9785,4
9786,4
9787,8
9788,0
9789,3
9790,2
9791,0
9792,3
9793,5
9794,1
9795,3
9796,3
9797,0
9798,5
9799,1
9800,8
9801,3
9802,1
9803,8
9804,7
9805,8
9806,4
9807,2
9808,0
9809,0
9810,7
9811,8
9812,1
9813,3
9814,9
9815,0
9816,2
9817,8
9818,1
9819,4
9820,8
9821,8
9822,3
9823,0
9824,8
9825,5
9826,7
9827,5
9828,4
9829,7
9830,7
9831,6
9832,1
9833,8
9834,1
9835,7
9836,7
9837,0
9838,3
9839,1
9840,6
9841,5
9842,5
9843,3
9844,8
9845,9
9846,4
9847,0
9848,9
9849,5
9850,1
9851,7
9852,2
9853,1
9854,5
9855,2
9856,8
9857,3
9858,3
9859,0
9860,7
9861,1
9862,3
9863,4
9864,4
9865,5
9866,7
9867,0
9868,6
9869,7
9870,3
9871,3
9872,7
9873,8
9874,8
9875,2
9876,5
9877,6
9878,9
9879,7
9880,3
9881,2
9882,9
9883,3
9884,6
9885,5
9886,5
9887,6
9888,9
9889,1
9890,4
9891,1
9892,5
9893,6
9894,4
9895,1
9896,4
9897,0
9898,3
9899,3
9900,6
9901,3
9902,0
9903,8
9904,6
9905,7
9906,5
9907,5
9908,7
9909,0
9910,7
9911,9
9912,4
9913,4
9914,2
9915,9
9916,1
9917,7
9918,1
9919,8
9920,8
9921,8
9922,5
9923,8
9924,3
9925,8
9926,9
9927,3
9928,0
9929,0
9930,2
9931,1
9932,8
9933,4
9934,4
9935,0
9936,0
9937,9
9938,5
9939,3
9940,1
9941,5
9942,1
9943,3
9944,5
9945,3
9946,2
9947,6
9948,1
9949,5
9950,3
9951,0
9952,8
9953,6
9954,9
9955,6
9956,9
9957,6
9958,0
9959,4
9960,1
9961,4
9962,6
9963,4
9964,9
9965,1
9966,4
9967,9
9968,7
9969,8
9970,2
9971,6
9972,2
9973,9
9974,7
9975,8
9976,5
9977,0
9978,9
9979,6
9980,0
9981,6
9982,8
9983,1
9984,3
9985,2
9986,7
9987,5
9988,8
9989,4
9990,5
9991,6
9992,8
9993,9
9994,1
9995,9
9996,1
9997,8
9998,1
9999,5
